
INSERT INTO `heat_template` (`ARTIFACT_UUID`, `NAME`, `VERSION`, `DESCRIPTION`, `BODY`, `TIMEOUT_MINUTES`, `ARTIFACT_CHECKSUM`, `CREATION_TIMESTAMP`) VALUES ('4885c198-a9fe-11e7-8b4b-0242ac120002','Contrail30-l2nodhcp','1',NULL,'heat_template_version: 2015-04-30\n\ndescription:\n  HOT template that creates a Contrail Virtual Network with L2NODHCP\n\nparameters:\n  network_name:\n     type: string\n     description: Name of direct network (e.g. core, dmz)\n     default: ECOMPNetwork\n  shared:\n     type: boolean\n     description: Shared amongst tenants\n     default: False\n  external:\n     type: boolean\n     description: router_external for the VirtualNetwork\n     default: False\n  route_targets:\n    type: comma_delimited_list\n    description: Network route-targets (RT)\n    default: \"\"\n  subnet_list:\n     type: json\n     description: Network subnets\n     default: []\n  policy_refs:\n     type: comma_delimited_list\n     description: Policies referenced by Network\n     default: \"\"\n  policy_refsdata:\n     type: json\n     description: Policies referenced by Network\n     default: []\n  route_table_refs:\n     type: comma_delimited_list\n     description: Route Tables referenced by Network\n     default: \"\"\n  virtual_network_properties_allow_transit:\n     type: boolean\n     description: allow_transit for the VirtualNetwork\n     default: True\n  virtual_network_properties_forwarding_mode:\n     type: string\n     description: forwarding_mode for the VirtualNetwork\n     default: l2\n  virtual_network_properties_rpf:\n     type: string\n     description: rpf for the VirtualNetwork\n     default: disable\n  flood_unknown_unicast:\n     type: boolean\n     description: flood_unknown_unicast for the VirtualNetwork\n     default: True\n\noutputs:\n  network_id:\n    description: Openstack network identifier\n    value: { get_resource: network }\n  network_fqdn:\n    description: Openstack network identifier\n    value: {list_join: [\':\', { get_attr: [network, fq_name] } ] }\n\nresources:\n  networkIpam:\n    type: OS::ContrailV2::NetworkIpam\n    properties:\n      name: { get_param: network_name }\n\n  network:\n    type: OS::ContrailV2::VirtualNetwork\n    properties:\n      name: { get_param: network_name }\n      is_shared: {get_param: shared}\n      router_external: { get_param: external }\n      route_target_list:\n        {\n           route_target_list_route_target: { get_param: route_targets }\n        }\n      network_ipam_refs: [{ get_resource: networkIpam }]\n      network_ipam_refs_data:\n        [\n          {\n             network_ipam_refs_data_ipam_subnets: { get_param: subnet_list }\n          }\n        ]\n      network_policy_refs:  { get_param: policy_refs }\n      network_policy_refs_data: { get_param: policy_refsdata }\n      route_table_refs: { get_param: route_table_refs }\n      flood_unknown_unicast: { get_param: flood_unknown_unicast }  \n      virtual_network_properties:\n        {\n           virtual_network_properties_allow_transit: { get_param: virtual_network_properties_allow_transit },\n           virtual_network_properties_forwarding_mode: { get_param: virtual_network_properties_forwarding_mode },\n           virtual_network_properties_rpf: { get_param: virtual_network_properties_rpf },\n        }\n',10,'MANUAL RECORD','2017-10-05 18:52:03');

INSERT INTO `heat_template` (`ARTIFACT_UUID`, `NAME`, `VERSION`, `DESCRIPTION`, `BODY`, `TIMEOUT_MINUTES`, `ARTIFACT_CHECKSUM`, `CREATION_TIMESTAMP`) VALUES ('4885c7a1-a9fe-11e7-8b4b-0242ac120002','Contrail30-gndirect','1',NULL,'heat_template_version: 2015-04-30\n\ndescription:\n  HOT template that creates a Contrail Virtual Network for GNDIRECT\n\nparameters:\n  network_name:\n     type: string\n     description: Name of direct network (e.g. core, dmz)\n     default: ECOMPNetwork\n  shared:\n     type: boolean\n     description: Shared amongst tenants\n     default: False\n  external:\n     type: boolean\n     description: router_external for the VirtualNetwork\n     default: False\n  route_targets:\n    type: comma_delimited_list\n    description: Network route-targets (RT)\n    default: \"\"\n  subnet_list:\n     type: json\n     description: Network subnets\n     default: []\n  policy_refs:\n     type: comma_delimited_list\n     description: Policies referenced by Network\n     default: \"\"\n  policy_refsdata:\n     type: json\n     description: Policies referenced by Network\n     default: []\n  route_table_refs:\n     type: comma_delimited_list\n     description: Route Tables referenced by Network\n     default: \"\"\n  virtual_network_properties_rpf:\n     type: string\n     description: rpf for the VirtualNetwork\n     default: disable\n\noutputs:\n  network_id:\n    description: Openstack network identifier\n    value: { get_resource: network }\n  network_fqdn:\n    description: Openstack network identifier\n    value: {list_join: [\':\', { get_attr: [network, fq_name] } ] }\n\nresources:\n  networkIpam:\n    type: OS::ContrailV2::NetworkIpam\n    properties:\n      name: { get_param: network_name }\n\n  network:\n    type: OS::ContrailV2::VirtualNetwork\n    properties:\n      name: { get_param: network_name }\n      is_shared: {get_param: shared}\n      router_external: { get_param: external }\n      route_target_list:\n        {\n           route_target_list_route_target: { get_param: route_targets }\n        }\n      network_ipam_refs: [{ get_resource: networkIpam }]\n      network_ipam_refs_data:\n        [\n          {\n             network_ipam_refs_data_ipam_subnets: { get_param: subnet_list }\n          }\n        ]\n      network_policy_refs:  { get_param: policy_refs }\n      network_policy_refs_data: { get_param: policy_refsdata }\n      route_table_refs: { get_param: route_table_refs }\n      virtual_network_properties:\n        {\n           virtual_network_properties_rpf: { get_param: virtual_network_properties_rpf }\n        }\n',10,'MANUAL RECORD','2017-10-05 18:52:03');

INSERT INTO `heat_template` (`ARTIFACT_UUID`,`NAME`,`VERSION`,`BODY`,`TIMEOUT_MINUTES`,`DESCRIPTION`,`CREATION_TIMESTAMP`,`ARTIFACT_CHECKSUM`) VALUES ('efee1d84-b8ec-11e7-abc4-cec278b6b50a','Generic NeutronNet','1','heat_template_version: 2013-05-23\n\ndescription:\n  HOT template that creates a Generic Neutron Network\n\nparameters:\n  network_name:\n     type: string\n     description: Name of direct network (e.g. core, dmz)\n     default: ECOMPNetwork\n  network_subnet_name:\n     type: string\n     description: Name of subnet network (e.g. core, dmz)\n     default: ECOMPNetwork\n  network_subnet_cidr:\n     type: string\n     description: CIDR of subnet network (e.g. core, dmz)\n     default: 10.0.0.0/16\n\noutputs:\n  network_id:\n    description: Openstack network identifier\n    value: { get_resource: network }\n  network_fqdn:\n    description: Openstack network identifier\n    value: {list_join: [\':\', { get_attr: [network, fq_name] } ] }\n\nresources:\n              network:\n                type: OS::Neutron::Net\n                properties:\n                name: {get_param: network_name }\n\n              subnet:\n                type: OS::Neutron::Subnet\n                properties:\n                name: { get_param: network_subnet_name  }\n                network_id: { get_resource: network }\n                cidr: { get_param: network_subnet_cidr }\n                enable_dhcp: false\n',10,'Generic Neutron Template','2017-10-26 14:44:00', 'MANUAL RECORD');

INSERT INTO `heat_template_params` (`HEAT_TEMPLATE_ARTIFACT_UUID`, `PARAM_NAME`, `IS_REQUIRED`, `PARAM_TYPE`, `PARAM_ALIAS`) VALUES ('4885c198-a9fe-11e7-8b4b-0242ac120002','external','\0','string',NULL);
INSERT INTO `heat_template_params` (`HEAT_TEMPLATE_ARTIFACT_UUID`, `PARAM_NAME`, `IS_REQUIRED`, `PARAM_TYPE`, `PARAM_ALIAS`) VALUES ('4885c198-a9fe-11e7-8b4b-0242ac120002','flood_unknown_unicast','\0','string',NULL);
INSERT INTO `heat_template_params` (`HEAT_TEMPLATE_ARTIFACT_UUID`, `PARAM_NAME`, `IS_REQUIRED`, `PARAM_TYPE`, `PARAM_ALIAS`) VALUES ('4885c198-a9fe-11e7-8b4b-0242ac120002','network_name','','string',NULL);
INSERT INTO `heat_template_params` (`HEAT_TEMPLATE_ARTIFACT_UUID`, `PARAM_NAME`, `IS_REQUIRED`, `PARAM_TYPE`, `PARAM_ALIAS`) VALUES ('4885c198-a9fe-11e7-8b4b-0242ac120002','policy_refs','\0','string',NULL);
INSERT INTO `heat_template_params` (`HEAT_TEMPLATE_ARTIFACT_UUID`, `PARAM_NAME`, `IS_REQUIRED`, `PARAM_TYPE`, `PARAM_ALIAS`) VALUES ('4885c198-a9fe-11e7-8b4b-0242ac120002','policy_refsdata','\0','string',NULL);
INSERT INTO `heat_template_params` (`HEAT_TEMPLATE_ARTIFACT_UUID`, `PARAM_NAME`, `IS_REQUIRED`, `PARAM_TYPE`, `PARAM_ALIAS`) VALUES ('4885c198-a9fe-11e7-8b4b-0242ac120002','route_table_refs','\0','string',NULL);
INSERT INTO `heat_template_params` (`HEAT_TEMPLATE_ARTIFACT_UUID`, `PARAM_NAME`, `IS_REQUIRED`, `PARAM_TYPE`, `PARAM_ALIAS`) VALUES ('4885c198-a9fe-11e7-8b4b-0242ac120002','route_targets','\0','string',NULL);
INSERT INTO `heat_template_params` (`HEAT_TEMPLATE_ARTIFACT_UUID`, `PARAM_NAME`, `IS_REQUIRED`, `PARAM_TYPE`, `PARAM_ALIAS`) VALUES ('4885c198-a9fe-11e7-8b4b-0242ac120002','shared','\0','string',NULL);
INSERT INTO `heat_template_params` (`HEAT_TEMPLATE_ARTIFACT_UUID`, `PARAM_NAME`, `IS_REQUIRED`, `PARAM_TYPE`, `PARAM_ALIAS`) VALUES ('4885c198-a9fe-11e7-8b4b-0242ac120002','virtual_network_properties_allow_transit','\0','string',NULL);
INSERT INTO `heat_template_params` (`HEAT_TEMPLATE_ARTIFACT_UUID`, `PARAM_NAME`, `IS_REQUIRED`, `PARAM_TYPE`, `PARAM_ALIAS`) VALUES ('4885c198-a9fe-11e7-8b4b-0242ac120002','virtual_network_properties_forwarding_mode','\0','string',NULL);
INSERT INTO `heat_template_params` (`HEAT_TEMPLATE_ARTIFACT_UUID`, `PARAM_NAME`, `IS_REQUIRED`, `PARAM_TYPE`, `PARAM_ALIAS`) VALUES ('4885c198-a9fe-11e7-8b4b-0242ac120002','virtual_network_properties_rpf','\0','string',NULL);
INSERT INTO `heat_template_params` (`HEAT_TEMPLATE_ARTIFACT_UUID`, `PARAM_NAME`, `IS_REQUIRED`, `PARAM_TYPE`, `PARAM_ALIAS`) VALUES ('4885c7a1-a9fe-11e7-8b4b-0242ac120002','external','\0','string',NULL);
INSERT INTO `heat_template_params` (`HEAT_TEMPLATE_ARTIFACT_UUID`, `PARAM_NAME`, `IS_REQUIRED`, `PARAM_TYPE`, `PARAM_ALIAS`) VALUES ('4885c7a1-a9fe-11e7-8b4b-0242ac120002','network_name','','string',NULL);
INSERT INTO `heat_template_params` (`HEAT_TEMPLATE_ARTIFACT_UUID`, `PARAM_NAME`, `IS_REQUIRED`, `PARAM_TYPE`, `PARAM_ALIAS`) VALUES ('4885c7a1-a9fe-11e7-8b4b-0242ac120002','policy_refs','\0','string',NULL);
INSERT INTO `heat_template_params` (`HEAT_TEMPLATE_ARTIFACT_UUID`, `PARAM_NAME`, `IS_REQUIRED`, `PARAM_TYPE`, `PARAM_ALIAS`) VALUES ('4885c7a1-a9fe-11e7-8b4b-0242ac120002','policy_refsdata','\0','string',NULL);
INSERT INTO `heat_template_params` (`HEAT_TEMPLATE_ARTIFACT_UUID`, `PARAM_NAME`, `IS_REQUIRED`, `PARAM_TYPE`, `PARAM_ALIAS`) VALUES ('4885c7a1-a9fe-11e7-8b4b-0242ac120002','route_table_refs','\0','string',NULL);
INSERT INTO `heat_template_params` (`HEAT_TEMPLATE_ARTIFACT_UUID`, `PARAM_NAME`, `IS_REQUIRED`, `PARAM_TYPE`, `PARAM_ALIAS`) VALUES ('4885c7a1-a9fe-11e7-8b4b-0242ac120002','route_targets','\0','string',NULL);
INSERT INTO `heat_template_params` (`HEAT_TEMPLATE_ARTIFACT_UUID`, `PARAM_NAME`, `IS_REQUIRED`, `PARAM_TYPE`, `PARAM_ALIAS`) VALUES ('4885c7a1-a9fe-11e7-8b4b-0242ac120002','shared','\0','string',NULL);
INSERT INTO `heat_template_params` (`HEAT_TEMPLATE_ARTIFACT_UUID`, `PARAM_NAME`, `IS_REQUIRED`, `PARAM_TYPE`, `PARAM_ALIAS`) VALUES ('4885c7a1-a9fe-11e7-8b4b-0242ac120002','virtual_network_properties_rpf','\0','string',NULL);

INSERT INTO `network_recipe` (`id`, `MODEL_NAME`, `ACTION`, `DESCRIPTION`, `ORCHESTRATION_URI`, `NETWORK_PARAM_XSD`, `RECIPE_TIMEOUT`, `SERVICE_TYPE`, `CREATION_TIMESTAMP`, `VERSION_STR`) VALUES (1,'CONTRAIL_BASIC','CREATE',NULL,'/mso/async/services/CreateNetworkV2',NULL,180,NULL,'2017-10-05 18:52:03','1');
INSERT INTO `network_recipe` (`id`, `MODEL_NAME`, `ACTION`, `DESCRIPTION`, `ORCHESTRATION_URI`, `NETWORK_PARAM_XSD`, `RECIPE_TIMEOUT`, `SERVICE_TYPE`, `CREATION_TIMESTAMP`, `VERSION_STR`) VALUES (2,'CONTRAIL_BASIC','DELETE',NULL,'/mso/async/services/DeleteNetworkV2',NULL,180,NULL,'2017-10-05 18:52:03','1');
INSERT INTO `network_recipe` (`id`, `MODEL_NAME`, `ACTION`, `DESCRIPTION`, `ORCHESTRATION_URI`, `NETWORK_PARAM_XSD`, `RECIPE_TIMEOUT`, `SERVICE_TYPE`, `CREATION_TIMESTAMP`, `VERSION_STR`) VALUES (3,'CONTRAIL_BASIC','UPDATE',NULL,'/mso/async/services/UpdateNetworkV2',NULL,180,NULL,'2017-10-05 18:52:03','1');
INSERT INTO `network_recipe` (`id`, `MODEL_NAME`, `ACTION`, `DESCRIPTION`, `ORCHESTRATION_URI`, `NETWORK_PARAM_XSD`, `RECIPE_TIMEOUT`, `SERVICE_TYPE`, `CREATION_TIMESTAMP`, `VERSION_STR`) VALUES (4,'CONTRAIL_SHARED','CREATE',NULL,'/mso/async/services/CreateNetworkV2',NULL,180,NULL,'2017-10-05 18:52:03','1');
INSERT INTO `network_recipe` (`id`, `MODEL_NAME`, `ACTION`, `DESCRIPTION`, `ORCHESTRATION_URI`, `NETWORK_PARAM_XSD`, `RECIPE_TIMEOUT`, `SERVICE_TYPE`, `CREATION_TIMESTAMP`, `VERSION_STR`) VALUES (5,'CONTRAIL_SHARED','UPDATE',NULL,'/mso/async/services/UpdateNetworkV2',NULL,180,NULL,'2017-10-05 18:52:03','1');
INSERT INTO `network_recipe` (`id`, `MODEL_NAME`, `ACTION`, `DESCRIPTION`, `ORCHESTRATION_URI`, `NETWORK_PARAM_XSD`, `RECIPE_TIMEOUT`, `SERVICE_TYPE`, `CREATION_TIMESTAMP`, `VERSION_STR`) VALUES (6,'CONTRAIL_SHARED','DELETE',NULL,'/mso/async/services/DeleteNetworkV2',NULL,180,NULL,'2017-10-05 18:52:03','1');
INSERT INTO `network_recipe` (`id`, `MODEL_NAME`, `ACTION`, `DESCRIPTION`, `ORCHESTRATION_URI`, `NETWORK_PARAM_XSD`, `RECIPE_TIMEOUT`, `SERVICE_TYPE`, `CREATION_TIMESTAMP`, `VERSION_STR`) VALUES (7,'CONTRAIL_EXTERNAL','CREATE',NULL,'/mso/async/services/CreateNetworkV2',NULL,180,NULL,'2017-10-05 18:52:03','1');
INSERT INTO `network_recipe` (`id`, `MODEL_NAME`, `ACTION`, `DESCRIPTION`, `ORCHESTRATION_URI`, `NETWORK_PARAM_XSD`, `RECIPE_TIMEOUT`, `SERVICE_TYPE`, `CREATION_TIMESTAMP`, `VERSION_STR`) VALUES (8,'CONTRAIL_EXTERNAL','UPDATE',NULL,'/mso/async/services/UpdateNetworkV2',NULL,180,NULL,'2017-10-05 18:52:03','1');
INSERT INTO `network_recipe` (`id`, `MODEL_NAME`, `ACTION`, `DESCRIPTION`, `ORCHESTRATION_URI`, `NETWORK_PARAM_XSD`, `RECIPE_TIMEOUT`, `SERVICE_TYPE`, `CREATION_TIMESTAMP`, `VERSION_STR`) VALUES (9,'CONTRAIL_EXTERNAL','DELETE',NULL,'/mso/async/services/DeleteNetworkV2',NULL,180,NULL,'2017-10-05 18:52:03','1');
INSERT INTO `network_recipe` (`id`, `MODEL_NAME`, `ACTION`, `DESCRIPTION`, `ORCHESTRATION_URI`, `NETWORK_PARAM_XSD`, `RECIPE_TIMEOUT`, `SERVICE_TYPE`, `CREATION_TIMESTAMP`, `VERSION_STR`) VALUES (10,'CONTRAIL30_BASIC','CREATE',NULL,'/mso/async/services/CreateNetworkV2',NULL,180,NULL,'2017-10-05 18:52:03','1');
INSERT INTO `network_recipe` (`id`, `MODEL_NAME`, `ACTION`, `DESCRIPTION`, `ORCHESTRATION_URI`, `NETWORK_PARAM_XSD`, `RECIPE_TIMEOUT`, `SERVICE_TYPE`, `CREATION_TIMESTAMP`, `VERSION_STR`) VALUES (11,'CONTRAIL30_BASIC','UPDATE',NULL,'/mso/async/services/UpdateNetworkV2',NULL,180,NULL,'2017-10-05 18:52:03','1');
INSERT INTO `network_recipe` (`id`, `MODEL_NAME`, `ACTION`, `DESCRIPTION`, `ORCHESTRATION_URI`, `NETWORK_PARAM_XSD`, `RECIPE_TIMEOUT`, `SERVICE_TYPE`, `CREATION_TIMESTAMP`, `VERSION_STR`) VALUES (12,'CONTRAIL30_BASIC','DELETE',NULL,'/mso/async/services/DeleteNetworkV2',NULL,180,NULL,'2017-10-05 18:52:03','1');
INSERT INTO `network_recipe` (`id`, `MODEL_NAME`, `ACTION`, `DESCRIPTION`, `ORCHESTRATION_URI`, `NETWORK_PARAM_XSD`, `RECIPE_TIMEOUT`, `SERVICE_TYPE`, `CREATION_TIMESTAMP`, `VERSION_STR`) VALUES (13,'CONTRAIL30_MPSCE','CREATE',NULL,'/mso/async/services/CreateNetworkV2',NULL,180,NULL,'2017-10-05 18:52:03','1');
INSERT INTO `network_recipe` (`id`, `MODEL_NAME`, `ACTION`, `DESCRIPTION`, `ORCHESTRATION_URI`, `NETWORK_PARAM_XSD`, `RECIPE_TIMEOUT`, `SERVICE_TYPE`, `CREATION_TIMESTAMP`, `VERSION_STR`) VALUES (14,'CONTRAIL30_MPSCE','UPDATE',NULL,'/mso/async/services/UpdateNetworkV2',NULL,180,NULL,'2017-10-05 18:52:03','1');
INSERT INTO `network_recipe` (`id`, `MODEL_NAME`, `ACTION`, `DESCRIPTION`, `ORCHESTRATION_URI`, `NETWORK_PARAM_XSD`, `RECIPE_TIMEOUT`, `SERVICE_TYPE`, `CREATION_TIMESTAMP`, `VERSION_STR`) VALUES (15,'CONTRAIL30_MPSCE','DELETE',NULL,'/mso/async/services/DeleteNetworkV2',NULL,180,NULL,'2017-10-05 18:52:03','1');
INSERT INTO `network_recipe` (`id`, `MODEL_NAME`, `ACTION`, `DESCRIPTION`, `ORCHESTRATION_URI`, `NETWORK_PARAM_XSD`, `RECIPE_TIMEOUT`, `SERVICE_TYPE`, `CREATION_TIMESTAMP`, `VERSION_STR`) VALUES (16,'VID_DEFAULT','createInstance','VID_DEFAULT recipe to create network if no custom BPMN flow is found','/mso/async/services/CreateNetworkInstance',NULL,180,NULL,'2017-10-05 18:52:03','1.0');
INSERT INTO `network_recipe` (`id`, `MODEL_NAME`, `ACTION`, `DESCRIPTION`, `ORCHESTRATION_URI`, `NETWORK_PARAM_XSD`, `RECIPE_TIMEOUT`, `SERVICE_TYPE`, `CREATION_TIMESTAMP`, `VERSION_STR`) VALUES (17,'VID_DEFAULT','updateInstance','VID_DEFAULT recipe to update network if no custom BPMN flow is found','/mso/async/services/UpdateNetworkInstance',NULL,180,NULL,'2017-10-05 18:52:03','1.0');
INSERT INTO `network_recipe` (`id`, `MODEL_NAME`, `ACTION`, `DESCRIPTION`, `ORCHESTRATION_URI`, `NETWORK_PARAM_XSD`, `RECIPE_TIMEOUT`, `SERVICE_TYPE`, `CREATION_TIMESTAMP`, `VERSION_STR`) VALUES (18,'VID_DEFAULT','deleteInstance','VID_DEFAULT recipe to delete network if no custom BPMN flow is found','/mso/async/services/DeleteNetworkInstance',NULL,180,NULL,'2017-10-05 18:52:03','1.0');
INSERT INTO `network_recipe` (`id`, `MODEL_NAME`, `ACTION`, `DESCRIPTION`, `ORCHESTRATION_URI`, `NETWORK_PARAM_XSD`, `RECIPE_TIMEOUT`, `SERVICE_TYPE`, `CREATION_TIMESTAMP`, `VERSION_STR`) VALUES (19,'CONTRAIL30_L2NODHCP','CREATE',NULL,'/mso/async/services/CreateNetworkV2',NULL,180,NULL,'2017-10-05 18:52:03','1');
INSERT INTO `network_recipe` (`id`, `MODEL_NAME`, `ACTION`, `DESCRIPTION`, `ORCHESTRATION_URI`, `NETWORK_PARAM_XSD`, `RECIPE_TIMEOUT`, `SERVICE_TYPE`, `CREATION_TIMESTAMP`, `VERSION_STR`) VALUES (20,'CONTRAIL30_L2NODHCP','UPDATE',NULL,'/mso/async/services/UpdateNetworkV2',NULL,180,NULL,'2017-10-05 18:52:03','1');
INSERT INTO `network_recipe` (`id`, `MODEL_NAME`, `ACTION`, `DESCRIPTION`, `ORCHESTRATION_URI`, `NETWORK_PARAM_XSD`, `RECIPE_TIMEOUT`, `SERVICE_TYPE`, `CREATION_TIMESTAMP`, `VERSION_STR`) VALUES (21,'CONTRAIL30_L2NODHCP','DELETE',NULL,'/mso/async/services/DeleteNetworkV2',NULL,180,NULL,'2017-10-05 18:52:03','1');
INSERT INTO `network_recipe` (`id`, `MODEL_NAME`, `ACTION`, `DESCRIPTION`, `ORCHESTRATION_URI`, `NETWORK_PARAM_XSD`, `RECIPE_TIMEOUT`, `SERVICE_TYPE`, `CREATION_TIMESTAMP`, `VERSION_STR`) VALUES (22,'CONTRAIL30_GNDIRECT','CREATE',NULL,'/mso/async/services/CreateNetworkV2',NULL,180,NULL,'2017-10-05 18:52:03','1');
INSERT INTO `network_recipe` (`id`, `MODEL_NAME`, `ACTION`, `DESCRIPTION`, `ORCHESTRATION_URI`, `NETWORK_PARAM_XSD`, `RECIPE_TIMEOUT`, `SERVICE_TYPE`, `CREATION_TIMESTAMP`, `VERSION_STR`) VALUES (23,'CONTRAIL30_GNDIRECT','UPDATE',NULL,'/mso/async/services/UpdateNetworkV2',NULL,180,NULL,'2017-10-05 18:52:03','1');
INSERT INTO `network_recipe` (`id`, `MODEL_NAME`, `ACTION`, `DESCRIPTION`, `ORCHESTRATION_URI`, `NETWORK_PARAM_XSD`, `RECIPE_TIMEOUT`, `SERVICE_TYPE`, `CREATION_TIMESTAMP`, `VERSION_STR`) VALUES (24,'CONTRAIL30_GNDIRECT','DELETE',NULL,'/mso/async/services/DeleteNetworkV2',NULL,180,NULL,'2017-10-05 18:52:03','1');
INSERT INTO `network_recipe` (`id`, `MODEL_NAME`, `ACTION`, `DESCRIPTION`, `ORCHESTRATION_URI`, `NETWORK_PARAM_XSD`, `RECIPE_TIMEOUT`, `SERVICE_TYPE`, `CREATION_TIMESTAMP`, `VERSION_STR`) VALUES (25,'SDNC_DEFAULT','createInstance','E2E DEFAULT recipe to create network if no custom BPMN flow is found','/mso/async/services/CreateSDNCNetworkResource',NULL,180,NULL,'2017-04-19 18:52:19','1.0');
INSERT INTO `network_recipe` (`id`, `MODEL_NAME`, `ACTION`, `DESCRIPTION`, `ORCHESTRATION_URI`, `NETWORK_PARAM_XSD`, `RECIPE_TIMEOUT`, `SERVICE_TYPE`, `CREATION_TIMESTAMP`, `VERSION_STR`) VALUES (26,'SDNC_DEFAULT','deleteInstance','E2E DEFAULT recipe to delete network if no custom BPMN flow is found','/mso/async/services/DeleteSDNCNetworkResource',NULL,180,NULL,'2017-04-19 18:52:19','1.0');

INSERT INTO `service` (`MODEL_UUID`, `MODEL_NAME`, `MODEL_INVARIANT_UUID`, `MODEL_VERSION`, `DESCRIPTION`, `CREATION_TIMESTAMP`, `TOSCA_CSAR_ARTIFACT_UUID`) VALUES ('48cc36cc-a9fe-11e7-8b4b-0242ac120002','VID_DEFAULT','48cd56c8-a9fe-11e7-8b4b-0242ac120002','1.0','Default service for VID to use for infra APIH orchestration1707MIGRATED1707MIGRATED','2017-10-05 18:52:03',NULL);
INSERT INTO `service` (`MODEL_UUID`, `MODEL_NAME`, `MODEL_INVARIANT_UUID`, `MODEL_VERSION`, `DESCRIPTION`, `CREATION_TIMESTAMP`, `TOSCA_CSAR_ARTIFACT_UUID`) VALUES ('48cc3acd-a9fe-11e7-8b4b-0242ac120002','*','48ce2256-a9fe-11e7-8b4b-0242ac120002','1.0','Default service to use for infra APIH orchestration1707MIGRATED1707MIGRATED','2017-10-05 18:52:03',NULL);

INSERT INTO `service_recipe` (`id`, `ACTION`, `VERSION_STR`, `DESCRIPTION`, `ORCHESTRATION_URI`, `SERVICE_PARAM_XSD`, `RECIPE_TIMEOUT`, `SERVICE_TIMEOUT_INTERIM`, `CREATION_TIMESTAMP`, `SERVICE_MODEL_UUID`) VALUES (1,'createInstance','1','VID_DEFAULT recipe to create service-instance if no custom BPMN flow is found','/mso/async/services/CreateGenericALaCarteServiceInstance',NULL,180,NULL,'2017-10-05 18:52:03','48cc36cc-a9fe-11e7-8b4b-0242ac120002');
INSERT INTO `service_recipe` (`id`, `ACTION`, `VERSION_STR`, `DESCRIPTION`, `ORCHESTRATION_URI`, `SERVICE_PARAM_XSD`, `RECIPE_TIMEOUT`, `SERVICE_TIMEOUT_INTERIM`, `CREATION_TIMESTAMP`, `SERVICE_MODEL_UUID`) VALUES (2,'deleteInstance','1','VID_DEFAULT recipe to delete service-instance if no custom BPMN flow is found','/mso/async/services/DeleteGenericALaCarteServiceInstance',NULL,180,NULL,'2017-10-05 18:52:03','48cc36cc-a9fe-11e7-8b4b-0242ac120002');
INSERT INTO `service_recipe` (`id`, `ACTION`, `VERSION_STR`, `DESCRIPTION`, `ORCHESTRATION_URI`, `SERVICE_PARAM_XSD`, `RECIPE_TIMEOUT`, `SERVICE_TIMEOUT_INTERIM`, `CREATION_TIMESTAMP`, `SERVICE_MODEL_UUID`) VALUES (3,'createInstance','1','DEFAULT recipe to create service-instance if no custom BPMN flow is found','/mso/async/services/CreateGenericALaCarteServiceInstance',NULL,180,NULL,'2017-10-05 18:52:03','48cc3acd-a9fe-11e7-8b4b-0242ac120002');
INSERT INTO `service_recipe` (`id`, `ACTION`, `VERSION_STR`, `DESCRIPTION`, `ORCHESTRATION_URI`, `SERVICE_PARAM_XSD`, `RECIPE_TIMEOUT`, `SERVICE_TIMEOUT_INTERIM`, `CREATION_TIMESTAMP`, `SERVICE_MODEL_UUID`) VALUES (4,'deleteInstance','1','DEFAULT recipe to delete service-instance if no custom BPMN flow is found','/mso/async/services/DeleteGenericALaCarteServiceInstance',NULL,180,NULL,'2017-10-05 18:52:03','48cc3acd-a9fe-11e7-8b4b-0242ac120002');

--
-- Custom Reciepe for the VoLTE service added temporarily
--

INSERT INTO `service` (`MODEL_UUID`, `MODEL_NAME`, `MODEL_INVARIANT_UUID`, `MODEL_VERSION`, `DESCRIPTION`, `CREATION_TIMESTAMP`, `TOSCA_CSAR_ARTIFACT_UUID`) VALUES ('dfcd7471-16c7-444e-8268-d4c50d90593a','UUI_DEFAULT','dfcd7471-16c7-444e-8268-d4c50d90593a','1.0','Default service for UUI to use for infra APIH orchestration1707MIGRATED1707MIGRATED','2017-10-23 18:52:03',NULL);
INSERT INTO `service` (`MODEL_UUID`, `MODEL_NAME`, `MODEL_INVARIANT_UUID`, `MODEL_VERSION`, `DESCRIPTION`, `CREATION_TIMESTAMP`, `TOSCA_CSAR_ARTIFACT_UUID`) VALUES ('f2e1dc69-c8ef-47e9-8b64-966cc87f2110','*','f2e1dc69-c8ef-47e9-8b64-966cc87f2110','1.0','Default service to use for infra APIH orchestration','2018-01-19 18:52:03',NULL);

INSERT INTO `service_recipe` (`id`, `ACTION`, `VERSION_STR`, `DESCRIPTION`, `ORCHESTRATION_URI`, `SERVICE_PARAM_XSD`, `RECIPE_TIMEOUT`, `SERVICE_TIMEOUT_INTERIM`, `CREATION_TIMESTAMP`, `SERVICE_MODEL_UUID`) VALUES (11,'createInstance','1','Custom recipe to create E2E service-instance if no custom BPMN flow is found','/mso/async/services/CreateCustomE2EServiceInstance',NULL,180,NULL,'2017-10-05 18:52:03','dfcd7471-16c7-444e-8268-d4c50d90593a');
INSERT INTO `service_recipe` (`id`, `ACTION`, `VERSION_STR`, `DESCRIPTION`, `ORCHESTRATION_URI`, `SERVICE_PARAM_XSD`, `RECIPE_TIMEOUT`, `SERVICE_TIMEOUT_INTERIM`, `CREATION_TIMESTAMP`, `SERVICE_MODEL_UUID`) VALUES (12,'deleteInstance','1','Custom recipe to delete E2E service-instance if no custom BPMN flow is found','/mso/async/services/DeleteCustomE2EServiceInstance',NULL,180,NULL,'2017-10-05 18:52:03','dfcd7471-16c7-444e-8268-d4c50d90593a');

-- Recipe for E2E service update (R2 just support adding/deleting network service)
INSERT INTO `service_recipe` (`id`, `ACTION`, `VERSION_STR`, `DESCRIPTION`, `ORCHESTRATION_URI`, `SERVICE_PARAM_XSD`, `RECIPE_TIMEOUT`, `SERVICE_TIMEOUT_INTERIM`, `CREATION_TIMESTAMP`, `SERVICE_MODEL_UUID`) VALUES (15,'updateInstance','1','Custom recipe to update E2E service-instance if no custom BPMN flow is found','/mso/async/services/UpdateCustomE2EServiceInstance',NULL,180,NULL,'2018-03-05 10:52:03','dfcd7471-16c7-444e-8268-d4c50d90593a');
INSERT INTO `service_recipe` (`id`, `ACTION`, `VERSION_STR`, `DESCRIPTION`, `ORCHESTRATION_URI`, `SERVICE_PARAM_XSD`, `RECIPE_TIMEOUT`, `SERVICE_TIMEOUT_INTERIM`, `CREATION_TIMESTAMP`, `SERVICE_MODEL_UUID`) VALUES (16,'scaleInstance','1','Custom recipe to scale E2E service-instance if no custom BPMN flow is found','/mso/async/services/ScaleCustomE2EServiceInstance',NULL,180,NULL,'2018-05-15 18:52:03','dfcd7471-16c7-444e-8268-d4c50d90593a');

INSERT INTO `service_recipe` (`id`, `ACTION`, `VERSION_STR`, `DESCRIPTION`, `ORCHESTRATION_URI`, `SERVICE_PARAM_XSD`, `RECIPE_TIMEOUT`, `SERVICE_TIMEOUT_INTERIM`, `CREATION_TIMESTAMP`, `SERVICE_MODEL_UUID`) VALUES (13,'createInstance','1','DEFAULT recipe to create service-instance if no custom BPMN flow is found','/mso/async/services/CreateGenericALaCarteServiceInstance',NULL,180,NULL,'2017-10-05 18:52:03','f2e1dc69-c8ef-47e9-8b64-966cc87f2110');
INSERT INTO `service_recipe` (`id`, `ACTION`, `VERSION_STR`, `DESCRIPTION`, `ORCHESTRATION_URI`, `SERVICE_PARAM_XSD`, `RECIPE_TIMEOUT`, `SERVICE_TIMEOUT_INTERIM`, `CREATION_TIMESTAMP`, `SERVICE_MODEL_UUID`) VALUES (14,'deleteInstance','1','DEFAULT recipe to delete service-instance if no custom BPMN flow is found','/mso/async/services/DeleteGenericALaCarteServiceInstance',NULL,180,NULL,'2017-10-05 18:52:03','f2e1dc69-c8ef-47e9-8b64-966cc87f2110');

INSERT INTO `temp_network_heat_template_lookup` (`NETWORK_RESOURCE_MODEL_NAME`, `HEAT_TEMPLATE_ARTIFACT_UUID`, `AIC_VERSION_MIN`, `AIC_VERSION_MAX`) VALUES ('CONTRAIL30_GNDIRECT','4885c7a1-a9fe-11e7-8b4b-0242ac120002','3.0',NULL);
INSERT INTO `temp_network_heat_template_lookup` (`NETWORK_RESOURCE_MODEL_NAME`, `HEAT_TEMPLATE_ARTIFACT_UUID`, `AIC_VERSION_MIN`, `AIC_VERSION_MAX`) VALUES ('CONTRAIL30_L2NODHCP','4885c198-a9fe-11e7-8b4b-0242ac120002','3.0',NULL);
INSERT INTO `temp_network_heat_template_lookup` (`NETWORK_RESOURCE_MODEL_NAME`, `HEAT_TEMPLATE_ARTIFACT_UUID`,`AIC_VERSION_MIN` , `AIC_VERSION_MAX` ) VALUES ('Generic NeutronNet','efee1d84-b8ec-11e7-abc4-cec278b6b50a','2.0','NULL');

INSERT INTO `vnf_components_recipe` (`id`, `VNF_TYPE`, `VNF_COMPONENT_TYPE`, `VF_MODULE_MODEL_UUID`, `ACTION`, `SERVICE_TYPE`, `VERSION`, `DESCRIPTION`, `ORCHESTRATION_URI`, `VNF_COMPONENT_PARAM_XSD`, `RECIPE_TIMEOUT`, `CREATION_TIMESTAMP`) VALUES (1,'*','VOLUME_GROUP',NULL,'CREATE',NULL,'1','Recipe Match All for','/mso/async/services/createCinderVolumeV1',null,180,'2017-10-05 18:52:03');
INSERT INTO `vnf_components_recipe` (`id`, `VNF_TYPE`, `VNF_COMPONENT_TYPE`, `VF_MODULE_MODEL_UUID`, `ACTION`, `SERVICE_TYPE`, `VERSION`, `DESCRIPTION`, `ORCHESTRATION_URI`, `VNF_COMPONENT_PARAM_XSD`, `RECIPE_TIMEOUT`, `CREATION_TIMESTAMP`) VALUES (2,'*','VOLUME_GROUP',NULL,'DELETE',NULL,'1','Recipe Match All for','/mso/async/services/deleteCinderVolumeV1',null,180,'2017-10-05 18:52:03');
INSERT INTO `vnf_components_recipe` (`id`, `VNF_TYPE`, `VNF_COMPONENT_TYPE`, `VF_MODULE_MODEL_UUID`, `ACTION`, `SERVICE_TYPE`, `VERSION`, `DESCRIPTION`, `ORCHESTRATION_URI`, `VNF_COMPONENT_PARAM_XSD`, `RECIPE_TIMEOUT`, `CREATION_TIMESTAMP`) VALUES (3,'*','VOLUME_GROUP',NULL,'UPDATE',NULL,'1','Recipe Match All for','/mso/async/services/updateCinderVolumeV1',null,180,'2017-10-05 18:52:03');
INSERT INTO `vnf_components_recipe` (`id`, `VNF_TYPE`, `VNF_COMPONENT_TYPE`, `VF_MODULE_MODEL_UUID`, `ACTION`, `SERVICE_TYPE`, `VERSION`, `DESCRIPTION`, `ORCHESTRATION_URI`, `VNF_COMPONENT_PARAM_XSD`, `RECIPE_TIMEOUT`, `CREATION_TIMESTAMP`) VALUES (4,NULL,'VOLUME_GROUP',NULL,'CREATE_VF_MODULE_VOL',NULL,'1','Recipe Match All for','/mso/async/services/CreateVfModuleVolume',null,180,'2017-10-05 18:52:03');
INSERT INTO `vnf_components_recipe` (`id`, `VNF_TYPE`, `VNF_COMPONENT_TYPE`, `VF_MODULE_MODEL_UUID`, `ACTION`, `SERVICE_TYPE`, `VERSION`, `DESCRIPTION`, `ORCHESTRATION_URI`, `VNF_COMPONENT_PARAM_XSD`, `RECIPE_TIMEOUT`, `CREATION_TIMESTAMP`) VALUES (5,NULL,'VOLUME_GROUP',NULL,'DELETE_VF_MODULE_VOL',NULL,'1','Recipe Match All for','/mso/async/services/DeleteVfModuleVolume',null,180,'2017-10-05 18:52:03');
INSERT INTO `vnf_components_recipe` (`id`, `VNF_TYPE`, `VNF_COMPONENT_TYPE`, `VF_MODULE_MODEL_UUID`, `ACTION`, `SERVICE_TYPE`, `VERSION`, `DESCRIPTION`, `ORCHESTRATION_URI`, `VNF_COMPONENT_PARAM_XSD`, `RECIPE_TIMEOUT`, `CREATION_TIMESTAMP`) VALUES (6,NULL,'VOLUME_GROUP',NULL,'UPDATE_VF_MODULE_VOL',NULL,'1','Recipe Match All for','/mso/async/services/UpdateVfModuleVolume',null,180,'2017-10-05 18:52:03');
INSERT INTO `vnf_components_recipe` (`id`, `VNF_TYPE`, `VNF_COMPONENT_TYPE`, `VF_MODULE_MODEL_UUID`, `ACTION`, `SERVICE_TYPE`, `VERSION`, `DESCRIPTION`, `ORCHESTRATION_URI`, `VNF_COMPONENT_PARAM_XSD`, `RECIPE_TIMEOUT`, `CREATION_TIMESTAMP`) VALUES (7,NULL,'volumeGroup','VID_DEFAULT','createInstance',NULL,'1','VID_DEFAULT recipe t','/mso/async/services/CreateVfModuleVolumeInfraV1',null,180,'2017-10-05 18:52:03');
INSERT INTO `vnf_components_recipe` (`id`, `VNF_TYPE`, `VNF_COMPONENT_TYPE`, `VF_MODULE_MODEL_UUID`, `ACTION`, `SERVICE_TYPE`, `VERSION`, `DESCRIPTION`, `ORCHESTRATION_URI`, `VNF_COMPONENT_PARAM_XSD`, `RECIPE_TIMEOUT`, `CREATION_TIMESTAMP`) VALUES (8,NULL,'volumeGroup','VID_DEFAULT','deleteInstance',NULL,'1','VID_DEFAULT recipe t','/mso/async/services/DeleteVfModuleVolumeInfraV1',null,180,'2017-10-05 18:52:03');
INSERT INTO `vnf_components_recipe` (`id`, `VNF_TYPE`, `VNF_COMPONENT_TYPE`, `VF_MODULE_MODEL_UUID`, `ACTION`, `SERVICE_TYPE`, `VERSION`, `DESCRIPTION`, `ORCHESTRATION_URI`, `VNF_COMPONENT_PARAM_XSD`, `RECIPE_TIMEOUT`, `CREATION_TIMESTAMP`) VALUES (9,NULL,'volumeGroup','VID_DEFAULT','updateInstance',NULL,'1','VID_DEFAULT recipe t','/mso/async/services/UpdateVfModuleVolumeInfraV1',null,180,'2017-10-05 18:52:03');
INSERT INTO `vnf_components_recipe` (`id`, `VNF_TYPE`, `VNF_COMPONENT_TYPE`, `VF_MODULE_MODEL_UUID`, `ACTION`, `SERVICE_TYPE`, `VERSION`, `DESCRIPTION`, `ORCHESTRATION_URI`, `VNF_COMPONENT_PARAM_XSD`, `RECIPE_TIMEOUT`, `CREATION_TIMESTAMP`) VALUES (10,NULL,'vfModule','VID_DEFAULT','createInstance',NULL,'1','VID_DEFAULT recipe t','/mso/async/services/CreateVfModuleInfra',null,180,'2017-10-05 18:52:03');
INSERT INTO `vnf_components_recipe` (`id`, `VNF_TYPE`, `VNF_COMPONENT_TYPE`, `VF_MODULE_MODEL_UUID`, `ACTION`, `SERVICE_TYPE`, `VERSION`, `DESCRIPTION`, `ORCHESTRATION_URI`, `VNF_COMPONENT_PARAM_XSD`, `RECIPE_TIMEOUT`, `CREATION_TIMESTAMP`) VALUES (11,NULL,'vfModule','VID_DEFAULT','deleteInstance',NULL,'1','VID_DEFAULT recipe t','/mso/async/services/DeleteVfModuleInfra',null,180,'2017-10-05 18:52:03');
INSERT INTO `vnf_components_recipe` (`id`, `VNF_TYPE`, `VNF_COMPONENT_TYPE`, `VF_MODULE_MODEL_UUID`, `ACTION`, `SERVICE_TYPE`, `VERSION`, `DESCRIPTION`, `ORCHESTRATION_URI`, `VNF_COMPONENT_PARAM_XSD`, `RECIPE_TIMEOUT`, `CREATION_TIMESTAMP`) VALUES (12,NULL,'vfModule','VID_DEFAULT','updateInstance',NULL,'1','VID_DEFAULT recipe t','/mso/async/services/UpdateVfModuleInfra',null,180,'2017-10-05 18:52:03');

--
-- Default Reciepe for the VNF componnets added start #SO-334, to unblock the VNF operations
--

INSERT INTO `vnf_components_recipe` (`VNF_TYPE`, `VF_MODULE_MODEL_UUID`, `ACTION`, `VERSION`, `DESCRIPTION`, `ORCHESTRATION_URI`,`VNF_COMPONENT_TYPE`, `VNF_COMPONENT_PARAM_XSD`, `RECIPE_TIMEOUT`, `SERVICE_TYPE`) VALUES  (NULL,'POLICY_DEFAULT','createInstance','1','Recipe Match POLICY_DEFAULT for VF Modules if no custom flow exists','/mso/async/services/CreateVfModuleInfra','vfModule',NULL,180,NULL);
INSERT INTO `vnf_components_recipe` (`VNF_TYPE`, `VF_MODULE_MODEL_UUID`, `ACTION`, `VERSION`, `DESCRIPTION`, `ORCHESTRATION_URI`,`VNF_COMPONENT_TYPE`, `VNF_COMPONENT_PARAM_XSD`, `RECIPE_TIMEOUT`, `SERVICE_TYPE`) VALUES (NULL,'POLICY_DEFAULT','updateInstance','1','Recipe Match POLICY_DEFAULT for VF Modules if no custom flow exists','/mso/async/services/UpdateVfModuleInfra','vfModule',NULL,180,NULL);
INSERT INTO `vnf_components_recipe` (`VNF_TYPE`, `VF_MODULE_MODEL_UUID`, `ACTION`, `VERSION`, `DESCRIPTION`, `ORCHESTRATION_URI`,`VNF_COMPONENT_TYPE`, `VNF_COMPONENT_PARAM_XSD`, `RECIPE_TIMEOUT`, `SERVICE_TYPE`) VALUES (NULL,'POLICY_DEFAULT','deleteInstance','1','Recipe Match POLICY_DEFAULT for VF Modules if no custom flow exists','/mso/async/services/DeleteVfModuleInfra','vfModule',NULL,180,NULL);
--
-- Default Reciepe for the VNF componnets added End
--

INSERT INTO `vnf_recipe` (`id`, `VF_MODULE_ID`, `ACTION`, `SERVICE_TYPE`, `VERSION_STR`, `VNF_TYPE`, `DESCRIPTION`, `ORCHESTRATION_URI`, `VNF_PARAM_XSD`, `RECIPE_TIMEOUT`, `CREATION_TIMESTAMP`) VALUES (1,NULL,'CREATE',NULL,'1','*','Recipe Match All for VNFs if no custom flow exists','/mso/workflow/services/CreateGenericVNFV1',NULL,180,'2017-10-05 18:52:03');
INSERT INTO `vnf_recipe` (`id`, `VF_MODULE_ID`, `ACTION`, `SERVICE_TYPE`, `VERSION_STR`, `VNF_TYPE`, `DESCRIPTION`, `ORCHESTRATION_URI`, `VNF_PARAM_XSD`, `RECIPE_TIMEOUT`, `CREATION_TIMESTAMP`) VALUES (2,NULL,'DELETE',NULL,'1','*','Recipe Match All for VNFs if no custom flow exists','/mso/async/services//deleteGenericVNFV1',NULL,180,'2017-10-05 18:52:03');
INSERT INTO `vnf_recipe` (`id`, `VF_MODULE_ID`, `ACTION`, `SERVICE_TYPE`, `VERSION_STR`, `VNF_TYPE`, `DESCRIPTION`, `ORCHESTRATION_URI`, `VNF_PARAM_XSD`, `RECIPE_TIMEOUT`, `CREATION_TIMESTAMP`) VALUES (3,NULL,'UPDATE',NULL,'1','*','Recipe Match All for VNFs if no custom flow exists','/mso/workflow/services/updateGenericVNFV1',NULL,180,'2017-10-05 18:52:03');
INSERT INTO `vnf_recipe` (`id`, `VF_MODULE_ID`, `ACTION`, `SERVICE_TYPE`, `VERSION_STR`, `VNF_TYPE`, `DESCRIPTION`, `ORCHESTRATION_URI`, `VNF_PARAM_XSD`, `RECIPE_TIMEOUT`, `CREATION_TIMESTAMP`) VALUES (4,'*','CREATE_VF_MODULE',NULL,'1',NULL,'Recipe Match All for VNFs if no custom flow exists','/mso/async/services/CreateVfModule',NULL,180,'2017-10-05 18:52:03');
INSERT INTO `vnf_recipe` (`id`, `VF_MODULE_ID`, `ACTION`, `SERVICE_TYPE`, `VERSION_STR`, `VNF_TYPE`, `DESCRIPTION`, `ORCHESTRATION_URI`, `VNF_PARAM_XSD`, `RECIPE_TIMEOUT`, `CREATION_TIMESTAMP`) VALUES (5,'*','DELETE_VF_MODULE',NULL,'1',NULL,'Recipe Match All for VNFs if no custom flow exists','/mso/async/services/DeleteVfModule',NULL,180,'2017-10-05 18:52:03');
INSERT INTO `vnf_recipe` (`id`, `VF_MODULE_ID`, `ACTION`, `SERVICE_TYPE`, `VERSION_STR`, `VNF_TYPE`, `DESCRIPTION`, `ORCHESTRATION_URI`, `VNF_PARAM_XSD`, `RECIPE_TIMEOUT`, `CREATION_TIMESTAMP`) VALUES (6,'*','UPDATE_VF_MODULE',NULL,'1',NULL,'Recipe Match All for VNFs if no custom flow exists','/mso/async/services/UpdateVfModule',NULL,180,'2017-10-05 18:52:03');
INSERT INTO `vnf_recipe` (`id`, `VF_MODULE_ID`, `ACTION`, `SERVICE_TYPE`, `VERSION_STR`, `VNF_TYPE`, `DESCRIPTION`, `ORCHESTRATION_URI`, `VNF_PARAM_XSD`, `RECIPE_TIMEOUT`, `CREATION_TIMESTAMP`) VALUES (7,NULL,'createInstance',NULL,'1','VID_DEFAULT','VID_DEFAULT recipe to create VNF if no custom BPMN flow is found','/mso/async/services/CreateVnfInfra',NULL,180,'2017-10-05 18:52:03');
INSERT INTO `vnf_recipe` (`id`, `VF_MODULE_ID`, `ACTION`, `SERVICE_TYPE`, `VERSION_STR`, `VNF_TYPE`, `DESCRIPTION`, `ORCHESTRATION_URI`, `VNF_PARAM_XSD`, `RECIPE_TIMEOUT`, `CREATION_TIMESTAMP`) VALUES (8,NULL,'deleteInstance',NULL,'1','VID_DEFAULT','VID_DEFAULT recipe to delete VNF if no custom BPMN flow is found','/mso/async/services/DeleteVnfInfra',NULL,180,'2017-10-05 18:52:03');
INSERT INTO `vnf_recipe` (`id`, `VF_MODULE_ID`, `ACTION`, `SERVICE_TYPE`, `VERSION_STR`, `VNF_TYPE`, `DESCRIPTION`, `ORCHESTRATION_URI`, `VNF_PARAM_XSD`, `RECIPE_TIMEOUT`, `CREATION_TIMESTAMP`) VALUES (9,NULL,'createInstance',NULL,'1','RESOURCE_NS_DEFAULT','NS default recipe to create network service if no custom BPMN flow is found','/mso/async/services/CreateVFCNetworkService',NULL,180,'2017-10-05 18:52:03');
INSERT INTO `vnf_recipe` (`id`, `VF_MODULE_ID`, `ACTION`, `SERVICE_TYPE`, `VERSION_STR`, `VNF_TYPE`, `DESCRIPTION`, `ORCHESTRATION_URI`, `VNF_PARAM_XSD`, `RECIPE_TIMEOUT`, `CREATION_TIMESTAMP`) VALUES (10,NULL,'deleteInstance',NULL,'1','RESOURCE_NS_DEFAULT','NS default recipe to delete network service if no custom BPMN flow is found','/mso/async/services/DeleteVFCNetworkService',NULL,180,'2017-10-05 18:52:03');
INSERT INTO `vnf_recipe` (`id`, `VF_MODULE_ID`, `ACTION`, `SERVICE_TYPE`, `VERSION_STR`, `VNF_TYPE`, `DESCRIPTION`, `ORCHESTRATION_URI`, `VNF_PARAM_XSD`, `RECIPE_TIMEOUT`, `CREATION_TIMESTAMP`) VALUES (11,NULL,'createInstance',NULL,'1','NS_DEFAULT','default custom E2E recipe to create NS if no custom BPMN flow is found','/mso/async/services/CreateVFCNSResource',NULL,180,'2018-04-18 18:52:03');
INSERT INTO `vnf_recipe` (`id`, `VF_MODULE_ID`, `ACTION`, `SERVICE_TYPE`, `VERSION_STR`, `VNF_TYPE`, `DESCRIPTION`, `ORCHESTRATION_URI`, `VNF_PARAM_XSD`, `RECIPE_TIMEOUT`, `CREATION_TIMESTAMP`) VALUES (12,NULL,'deleteInstance',NULL,'1','NS_DEFAULT','default custom E2E recipe to delete NS if no custom BPMN flow is found','/mso/async/services/DeleteVFCNSResource',NULL,180,'2018-04-18 18:52:03');
INSERT INTO `vnf_recipe` (`id`, `VF_MODULE_ID`, `ACTION`, `SERVICE_TYPE`, `VERSION_STR`, `VNF_TYPE`, `DESCRIPTION`, `ORCHESTRATION_URI`, `VNF_PARAM_XSD`, `RECIPE_TIMEOUT`, `CREATION_TIMESTAMP`) VALUES (13,NULL,'inPlaceSoftwareUpdate',NULL,'1','VID_DEFAULT','VID_DEFAULT recipe to update VNF software if no custom BPMN flow is found','/mso/async/services/VnfInPlaceUpdate',NULL,180,'2018-05-23 11:00:00');
INSERT INTO `vnf_recipe` (`id`, `VF_MODULE_ID`, `ACTION`, `SERVICE_TYPE`, `VERSION_STR`, `VNF_TYPE`, `DESCRIPTION`, `ORCHESTRATION_URI`, `VNF_PARAM_XSD`, `RECIPE_TIMEOUT`, `CREATION_TIMESTAMP`) VALUES (14,NULL,'applyUpdatedConfig',NULL,'1','VID_DEFAULT','VID_DEFAULT recipe to apply updated VNF config if no custom BPMN flow is found','/mso/async/services/VnfConfigUpdate',NULL,180,'2018-05-23 11:00:00');

--
-- Start Former create_mso_db-demo-vfw.sql
--

INSERT INTO `heat_environment` (`ARTIFACT_UUID`, `NAME`, `VERSION`, `DESCRIPTION`, `BODY`, `ARTIFACT_CHECKSUM`, `CREATION_TIMESTAMP`) VALUES ('EnvArtifact-UUID3','base_vfw.env','1.0','base_vfw ENV file','parameters:\n  vfw_image_name: Ubuntu 14.04 LTS (Trusty Tahr) (PVHVM)\n  vfw_flavor_name: 4 GB General Purpose v1\n  public_net_id: 00000000-0000-0000-0000-000000000000\n  unprotected_private_net_id: zdfw1fwl01_unprotected\n  protected_private_net_id: zdfw1fwl01_protected\n  ecomp_private_net_id: oam_ecomp\n  unprotected_private_net_cidr: 192.168.10.0/24\n  protected_private_net_cidr: 192.168.20.0/24\n  ecomp_private_net_cidr: 192.168.9.0/24\n  vfw_private_ip_0: 192.168.10.100\n  vfw_private_ip_1: 192.168.20.100\n  vfw_private_ip_2: 192.168.9.100\n  vpg_private_ip_0: 192.168.10.200\n  vpg_private_ip_1: 192.168.9.200\n  vsn_private_ip_0: 192.168.20.250\n  vsn_private_ip_1: 192.168.9.250\n  vfw_name_0: zdfw1fwl01fwl01\n  vpg_name_0: zdfw1fwl01pgn01\n  vsn_name_0: zdfw1fwl01snk01\n  vnf_id: vFirewall_demo_app\n  vf_module_id: vFirewall\n  webserver_ip: 162.242.237.182\n  dcae_collector_ip: 192.168.9.1\n  key_name: vfw_key\n  pub_key: INSERT YOUR PUBLIC KEY HERE','MANUAL RECORD','2016-11-14 13:04:07');

INSERT INTO `heat_template` (`ARTIFACT_UUID`, `NAME`, `VERSION`, `DESCRIPTION`, `BODY`, `TIMEOUT_MINUTES`, `ARTIFACT_CHECKSUM`, `CREATION_TIMESTAMP`) VALUES ('Artifact-UUID3','base_vfw.yaml','1.0','Base VFW Heat','heat_template_version: 2013-05-23\n\ndescription: Heat template to deploy vFirewall demo app for OpenECOMP\n\nparameters:\n  vfw_image_name:\n    type: string\n    label: Image name or ID\n    description: Image to be used for compute instance\n  vfw_flavor_name:\n    type: string\n    label: Flavor\n    description: Type of instance (flavor) to be used\n  public_net_id:\n    type: string\n    label: Public network name or ID\n    description: Public network that enables remote connection to VNF\n  unprotected_private_net_id:\n    type: string\n    label: Unprotected private network name or ID\n    description: Private network that connects vPacketGenerator with vFirewall\n  protected_private_net_id:\n    type: string\n    label: Protected private network name or ID\n    description: Private network that connects vFirewall with vSink\n  ecomp_private_net_id:\n    type: string\n    label: ECOMP management network name or ID\n    description: Private network that connects ECOMP component and the VNF\n  unprotected_private_net_cidr:\n    type: string\n    label: Unprotected private network CIDR\n    description: The CIDR of the unprotected private network\n  protected_private_net_cidr:\n    type: string\n    label: Protected private network CIDR\n    description: The CIDR of the protected private network\n  ecomp_private_net_cidr:\n    type: string\n    label: ECOMP private network CIDR\n    description: The CIDR of the protected private network\n  vfw_private_ip_0:\n    type: string\n    label: vFirewall private IP address towards the unprotected network\n    description: Private IP address that is assigned to the vFirewall to communicate with the vPacketGenerator\n  vfw_private_ip_1:\n    type: string\n    label: vFirewall private IP address towards the protected network\n    description: Private IP address that is assigned to the vFirewall to communicate with the vSink\n  vfw_private_ip_2:\n    type: string\n    label: vFirewall private IP address towards the ECOMP management network\n    description: Private IP address that is assigned to the vFirewall to communicate with ECOMP components\n  vpg_private_ip_0:\n    type: string\n    label: vPacketGenerator private IP address towards the unprotected network\n    description: Private IP address that is assigned to the vPacketGenerator to communicate with the vFirewall\n  vpg_private_ip_1:\n    type: string\n    label: vPacketGenerator private IP address towards the ECOMP management network\n    description: Private IP address that is assigned to the vPacketGenerator to communicate with ECOMP components\n  vsn_private_ip_0:\n    type: string\n    label: vSink private IP address towards the protected network\n    description: Private IP address that is assigned to the vSink to communicate with the vFirewall\n  vsn_private_ip_1:\n    type: string\n    label: vSink private IP address towards the ECOMP management network\n    description: Private IP address that is assigned to the vSink to communicate with ECOMP components\n  vfw_name_0:\n    type: string\n    label: vFirewall name\n    description: Name of the vFirewall\n  vpg_name_0:\n    type: string\n    label: vPacketGenerator name\n    description: Name of the vPacketGenerator\n  vsn_name_0:\n    type: string\n    label: vSink name\n    description: Name of the vSink\n  vnf_id:\n    type: string\n    label: VNF ID\n    description: The VNF ID is provided by ECOMP\n  vf_module_id:\n    type: string\n    label: vFirewall module ID\n    description: The vFirewall Module ID is provided by ECOMP\n  webserver_ip:\n    type: string\n    label: Webserver IP address\n    description: IP address of the webserver that hosts the source code and binaries\n  dcae_collector_ip:\n    type: string\n    label: DCAE collector IP address\n    description: IP address of the DCAE collector\n  key_name:\n    type: string\n    label: Key pair name\n    description: Public/Private key pair name\n  pub_key:\n    type: string\n    label: Public key\n    description: Public key to be installed on the compute instance\n\nresources:\n  my_keypair:\n    type: OS::Nova::KeyPair\n    properties:\n      name: { get_param: key_name }\n      public_key: { get_param: pub_key }\n      save_private_key: false\n\n  unprotected_private_network:\n    type: OS::Neutron::Net\n    properties:\n      name: { get_param: unprotected_private_net_id }\n\n  protected_private_network:\n    type: OS::Neutron::Net\n    properties:\n      name: { get_param: protected_private_net_id }\n\n  unprotected_private_subnet:\n    type: OS::Neutron::Subnet\n    properties:\n      network_id: { get_resource: unprotected_private_network }\n      cidr: { get_param: unprotected_private_net_cidr }\n\n  protected_private_subnet:\n    type: OS::Neutron::Subnet\n    properties:\n      network_id: { get_resource: protected_private_network }\n      cidr: { get_param: protected_private_net_cidr }\n\n  vfw_0:\n    type: OS::Nova::Server\n    properties:\n      image: { get_param: vfw_image_name }\n      flavor: { get_param: vfw_flavor_name }\n      name: { get_param: vfw_name_0 }\n      key_name: { get_resource: my_keypair }\n      networks:\n        - network: { get_param: public_net_id }\n        - port: { get_resource: vfw_private_0_port }\n        - port: { get_resource: vfw_private_1_port }\n        - port: { get_resource: vfw_private_2_port }\n      metadata: {vnf_id: { get_param: vnf_id }, vf_module_id: { get_param: vf_module_id }}\n      user_data_format: RAW\n      user_data:\n        str_replace:\n          params:\n            __webserver__: { get_param: webserver_ip }\n            __dcae_collector_ip__ : { get_param: dcae_collector_ip }\n          template: |\n            #!/bin/bash\n\n            WEBSERVER_IP=__webserver__\n            DCAE_COLLECTOR_IP=__dcae_collector_ip__\n\n            mkdir /opt/config\n            cd /opt\n            wget http://$WEBSERVER_IP/demo_repo/v_firewall_init.sh\n            wget http://$WEBSERVER_IP/demo_repo/vfirewall.sh\n            chmod +x v_firewall_init.sh\n            chmod +x vfirewall.sh\n            echo $WEBSERVER_IP > config/webserver_ip.txt\n            echo $DCAE_COLLECTOR_IP > config/dcae_collector_ip.txt\n            echo \"no\" > config/install.txt\n            mv vfirewall.sh /etc/init.d\n            sudo update-rc.d vfirewall.sh defaults\n            ./v_firewall_init.sh\n\n  vfw_private_0_port:\n    type: OS::Neutron::Port\n    properties:\n      network: { get_resource: unprotected_private_network }\n      fixed_ips: [{\"subnet\": { get_resource: unprotected_private_subnet }, \"ip_address\": { get_param: vfw_private_ip_0 }}]\n\n  vfw_private_1_port:\n    type: OS::Neutron::Port\n    properties:\n      network: { get_resource: protected_private_network }\n      fixed_ips: [{\"subnet\": { get_resource: protected_private_subnet }, \"ip_address\": { get_param: vfw_private_ip_1 }}]\n\n  vfw_private_2_port:\n    type: OS::Neutron::Port\n    properties:\n      network: { get_param: ecomp_private_net_id }\n      fixed_ips: [{\"subnet\": { get_param: ecomp_private_net_id }, \"ip_address\": { get_param: vfw_private_ip_2 }}]\n\n  vpg_0:\n    type: OS::Nova::Server\n    properties:\n      image: { get_param: vfw_image_name }\n      flavor: { get_param: vfw_flavor_name }\n      name: { get_param: vpg_name_0 }\n      key_name: { get_resource: my_keypair }\n      networks:\n        - network: { get_param: public_net_id }\n        - port: { get_resource: vpg_private_0_port }\n        - port: { get_resource: vpg_private_1_port }\n      metadata: {vnf_id: { get_param: vnf_id }, vf_module_id: { get_param: vf_module_id }}\n      user_data_format: RAW\n      user_data:\n        str_replace:\n          params:\n            __webserver__: { get_param: webserver_ip }\n            __fw_ipaddr__: { get_param: vfw_private_ip_0 }\n            __protected_net_cidr__: { get_param: protected_private_net_cidr }\n            __sink_ipaddr__: { get_param: vsn_private_ip_0 }\n          template: |\n            #!/bin/bash\n\n            WEBSERVER_IP=__webserver__\n            FW_IPADDR=__fw_ipaddr__\n            PROTECTED_NET_CIDR=__protected_net_cidr__\n            SINK_IPADDR=__sink_ipaddr__\n\n            mkdir /opt/config\n            cd /opt\n            wget http://$WEBSERVER_IP/demo_repo/v_packetgen_init.sh\n            wget http://$WEBSERVER_IP/demo_repo/vpacketgen.sh\n            chmod +x v_packetgen_init.sh\n            chmod +x vpacketgen.sh\n            echo $WEBSERVER_IP > config/webserver_ip.txt\n            echo $FW_IPADDR > config/fw_ipaddr.txt\n            echo $PROTECTED_NET_CIDR > config/protected_net_cidr.txt\n            echo $SINK_IPADDR > config/sink_ipaddr.txt\n            echo \"no\" > config/install.txt\n            mv vpacketgen.sh /etc/init.d\n            sudo update-rc.d vpacketgen.sh defaults\n            ./v_packetgen_init.sh\n\n  vpg_private_0_port:\n    type: OS::Neutron::Port\n    properties:\n      network: { get_resource: unprotected_private_network }\n      fixed_ips: [{\"subnet\": { get_resource: unprotected_private_subnet }, \"ip_address\": { get_param: vpg_private_ip_0 }}]\n\n  vpg_private_1_port:\n    type: OS::Neutron::Port\n    properties:\n      network: { get_param: ecomp_private_net_id }\n      fixed_ips: [{\"subnet\": { get_param: ecomp_private_net_id }, \"ip_address\": { get_param: vpg_private_ip_1 }}]\n\n  vsn_0:\n    type: OS::Nova::Server\n    properties:\n      image: { get_param: vfw_image_name }\n      flavor: { get_param: vfw_flavor_name }\n      name: { get_param: vsn_name_0 }\n      key_name: { get_resource: my_keypair }\n      networks:\n        - network: { get_param: public_net_id }\n        - port: { get_resource: vsn_private_0_port }\n        - port: { get_resource: vsn_private_1_port }\n      metadata: {vnf_id: { get_param: vnf_id }, vf_module_id: { get_param: vf_module_id }}\n      user_data_format: RAW\n      user_data:\n        str_replace:\n          params:\n            __webserver__: { get_param: webserver_ip }\n            __protected_net_gw__: { get_param: vfw_private_ip_1 }\n            __unprotected_net__: { get_param: unprotected_private_net_cidr }\n          template: |\n            #!/bin/bash\n\n            WEBSERVER_IP=__webserver__\n            PROTECTED_NET_GW=__protected_net_gw__\n            UNPROTECTED_NET=__unprotected_net__\n            UNPROTECTED_NET=$(echo $UNPROTECTED_NET | cut -d\'/\' -f1)\n\n            mkdir /opt/config\n            cd /opt\n            wget http://$WEBSERVER_IP/demo_repo/v_sink_init.sh\n            wget http://$WEBSERVER_IP/demo_repo/vsink.sh\n            chmod +x v_sink_init.sh\n            chmod +x vsink.sh\n            echo $PROTECTED_NET_GW > config/protected_net_gw.txt\n            echo $UNPROTECTED_NET > config/unprotected_net.txt\n            echo \"no\" > config/install.txt\n            mv vsink.sh /etc/init.d\n            sudo update-rc.d vsink.sh defaults\n            ./v_sink_init.sh\n\n  vsn_private_0_port:\n    type: OS::Neutron::Port\n    properties:\n      network: { get_resource: protected_private_network }\n      fixed_ips: [{\"subnet\": { get_resource: protected_private_subnet }, \"ip_address\": { get_param: vsn_private_ip_0 }}]\n\n  vsn_private_1_port:\n    type: OS::Neutron::Port\n    properties:\n      network: { get_param: ecomp_private_net_id }\n      fixed_ips: [{\"subnet\": { get_param: ecomp_private_net_id }, \"ip_address\": { get_param: vsn_private_ip_1 }}]\n \n',300,'MANUAL RECORD','2016-11-14 13:04:07');

INSERT INTO `heat_template_params` (`HEAT_TEMPLATE_ARTIFACT_UUID`, `PARAM_NAME`, `IS_REQUIRED`, `PARAM_TYPE`, `PARAM_ALIAS`) VALUES ('Artifact-UUID3','dcae_collector_ip','','string',NULL);
INSERT INTO `heat_template_params` (`HEAT_TEMPLATE_ARTIFACT_UUID`, `PARAM_NAME`, `IS_REQUIRED`, `PARAM_TYPE`, `PARAM_ALIAS`) VALUES ('Artifact-UUID3','ecomp_private_net_cidr','','string',NULL);
INSERT INTO `heat_template_params` (`HEAT_TEMPLATE_ARTIFACT_UUID`, `PARAM_NAME`, `IS_REQUIRED`, `PARAM_TYPE`, `PARAM_ALIAS`) VALUES ('Artifact-UUID3','ecomp_private_net_id','','string',NULL);
INSERT INTO `heat_template_params` (`HEAT_TEMPLATE_ARTIFACT_UUID`, `PARAM_NAME`, `IS_REQUIRED`, `PARAM_TYPE`, `PARAM_ALIAS`) VALUES ('Artifact-UUID3','key_name','','string',NULL);
INSERT INTO `heat_template_params` (`HEAT_TEMPLATE_ARTIFACT_UUID`, `PARAM_NAME`, `IS_REQUIRED`, `PARAM_TYPE`, `PARAM_ALIAS`) VALUES ('Artifact-UUID3','protected_private_net_cidr','','string',NULL);
INSERT INTO `heat_template_params` (`HEAT_TEMPLATE_ARTIFACT_UUID`, `PARAM_NAME`, `IS_REQUIRED`, `PARAM_TYPE`, `PARAM_ALIAS`) VALUES ('Artifact-UUID3','protected_private_net_id','','string',NULL);
INSERT INTO `heat_template_params` (`HEAT_TEMPLATE_ARTIFACT_UUID`, `PARAM_NAME`, `IS_REQUIRED`, `PARAM_TYPE`, `PARAM_ALIAS`) VALUES ('Artifact-UUID3','public_net_id','','string',NULL);
INSERT INTO `heat_template_params` (`HEAT_TEMPLATE_ARTIFACT_UUID`, `PARAM_NAME`, `IS_REQUIRED`, `PARAM_TYPE`, `PARAM_ALIAS`) VALUES ('Artifact-UUID3','pub_key','','string',NULL);
INSERT INTO `heat_template_params` (`HEAT_TEMPLATE_ARTIFACT_UUID`, `PARAM_NAME`, `IS_REQUIRED`, `PARAM_TYPE`, `PARAM_ALIAS`) VALUES ('Artifact-UUID3','unprotected_private_net_cidr','','string',NULL);
INSERT INTO `heat_template_params` (`HEAT_TEMPLATE_ARTIFACT_UUID`, `PARAM_NAME`, `IS_REQUIRED`, `PARAM_TYPE`, `PARAM_ALIAS`) VALUES ('Artifact-UUID3','unprotected_private_net_id','','string',NULL);
INSERT INTO `heat_template_params` (`HEAT_TEMPLATE_ARTIFACT_UUID`, `PARAM_NAME`, `IS_REQUIRED`, `PARAM_TYPE`, `PARAM_ALIAS`) VALUES ('Artifact-UUID3','vfw_flavor_name','','string',NULL);
INSERT INTO `heat_template_params` (`HEAT_TEMPLATE_ARTIFACT_UUID`, `PARAM_NAME`, `IS_REQUIRED`, `PARAM_TYPE`, `PARAM_ALIAS`) VALUES ('Artifact-UUID3','vfw_image_name','','string',NULL);
INSERT INTO `heat_template_params` (`HEAT_TEMPLATE_ARTIFACT_UUID`, `PARAM_NAME`, `IS_REQUIRED`, `PARAM_TYPE`, `PARAM_ALIAS`) VALUES ('Artifact-UUID3','vfw_name_0','','string',NULL);
INSERT INTO `heat_template_params` (`HEAT_TEMPLATE_ARTIFACT_UUID`, `PARAM_NAME`, `IS_REQUIRED`, `PARAM_TYPE`, `PARAM_ALIAS`) VALUES ('Artifact-UUID3','vfw_private_ip_0','','string',NULL);
INSERT INTO `heat_template_params` (`HEAT_TEMPLATE_ARTIFACT_UUID`, `PARAM_NAME`, `IS_REQUIRED`, `PARAM_TYPE`, `PARAM_ALIAS`) VALUES ('Artifact-UUID3','vfw_private_ip_1','','string',NULL);
INSERT INTO `heat_template_params` (`HEAT_TEMPLATE_ARTIFACT_UUID`, `PARAM_NAME`, `IS_REQUIRED`, `PARAM_TYPE`, `PARAM_ALIAS`) VALUES ('Artifact-UUID3','vfw_private_ip_2','','string',NULL);
INSERT INTO `heat_template_params` (`HEAT_TEMPLATE_ARTIFACT_UUID`, `PARAM_NAME`, `IS_REQUIRED`, `PARAM_TYPE`, `PARAM_ALIAS`) VALUES ('Artifact-UUID3','vf_module_id','','string',NULL);
INSERT INTO `heat_template_params` (`HEAT_TEMPLATE_ARTIFACT_UUID`, `PARAM_NAME`, `IS_REQUIRED`, `PARAM_TYPE`, `PARAM_ALIAS`) VALUES ('Artifact-UUID3','vnf_id','','string',NULL);
INSERT INTO `heat_template_params` (`HEAT_TEMPLATE_ARTIFACT_UUID`, `PARAM_NAME`, `IS_REQUIRED`, `PARAM_TYPE`, `PARAM_ALIAS`) VALUES ('Artifact-UUID3','vpg_name_0','','string',NULL);
INSERT INTO `heat_template_params` (`HEAT_TEMPLATE_ARTIFACT_UUID`, `PARAM_NAME`, `IS_REQUIRED`, `PARAM_TYPE`, `PARAM_ALIAS`) VALUES ('Artifact-UUID3','vpg_private_ip_0','','string',NULL);
INSERT INTO `heat_template_params` (`HEAT_TEMPLATE_ARTIFACT_UUID`, `PARAM_NAME`, `IS_REQUIRED`, `PARAM_TYPE`, `PARAM_ALIAS`) VALUES ('Artifact-UUID3','vpg_private_ip_1','','string',NULL);
INSERT INTO `heat_template_params` (`HEAT_TEMPLATE_ARTIFACT_UUID`, `PARAM_NAME`, `IS_REQUIRED`, `PARAM_TYPE`, `PARAM_ALIAS`) VALUES ('Artifact-UUID3','vsn_name_0','','string',NULL);
INSERT INTO `heat_template_params` (`HEAT_TEMPLATE_ARTIFACT_UUID`, `PARAM_NAME`, `IS_REQUIRED`, `PARAM_TYPE`, `PARAM_ALIAS`) VALUES ('Artifact-UUID3','vsn_private_ip_0','','string',NULL);
INSERT INTO `heat_template_params` (`HEAT_TEMPLATE_ARTIFACT_UUID`, `PARAM_NAME`, `IS_REQUIRED`, `PARAM_TYPE`, `PARAM_ALIAS`) VALUES ('Artifact-UUID3','vsn_private_ip_1','','string',NULL);
INSERT INTO `heat_template_params` (`HEAT_TEMPLATE_ARTIFACT_UUID`, `PARAM_NAME`, `IS_REQUIRED`, `PARAM_TYPE`, `PARAM_ALIAS`) VALUES ('Artifact-UUID3','webserver_ip','','string',NULL);

INSERT INTO `service` (`MODEL_UUID`, `MODEL_NAME`, `MODEL_INVARIANT_UUID`, `MODEL_VERSION`, `DESCRIPTION`, `CREATION_TIMESTAMP`, `TOSCA_CSAR_ARTIFACT_UUID`) VALUES ('2e34774e-715e-4fd5-bd09-7b654622f35i','vfw-service','585822c7-4027-4f84-ba50-e9248606f112','1.0','VFW service','2016-11-14 13:04:07',NULL);

INSERT INTO `vf_module` (`MODEL_UUID`, `MODEL_INVARIANT_UUID`, `MODEL_VERSION`, `MODEL_NAME`, `DESCRIPTION`, `IS_BASE`, `HEAT_TEMPLATE_ARTIFACT_UUID`, `VOL_HEAT_TEMPLATE_ARTIFACT_UUID`, `CREATION_TIMESTAMP`, `VNF_RESOURCE_MODEL_UUID`) VALUES ('1e34774e-715e-4fd5-bd08-7b654622f33f.VF_RI1_VFW::module-1::module-1.group','585822c7-4027-4f84-ba50-e9248606f134','1.0','VF_RI1_VFW::module-1',NULL,1,'Artifact-UUID3',NULL,'2016-11-14 13:04:07','685822c7-4027-4f84-ba50-e9248606f132');

INSERT INTO `vf_module_customization` (`MODEL_CUSTOMIZATION_UUID`, `LABEL`, `INITIAL_COUNT`, `MIN_INSTANCES`, `MAX_INSTANCES`, `AVAILABILITY_ZONE_COUNT`, `HEAT_ENVIRONMENT_ARTIFACT_UUID`, `VOL_ENVIRONMENT_ARTIFACT_UUID`, `CREATION_TIMESTAMP`, `VF_MODULE_MODEL_UUID`) VALUES ('5aa23938-a9fe-11e7-8b4b-0242ac120002',NULL,1,0,NULL,NULL,'EnvArtifact-UUID3',NULL,'2017-10-05 18:52:03','1e34774e-715e-4fd5-bd08-7b654622f33f.VF_RI1_VFW::module-1::module-1.group');

INSERT INTO `vnf_res_custom_to_vf_module_custom` (`VNF_RESOURCE_CUST_MODEL_CUSTOMIZATION_UUID`, `VF_MODULE_CUST_MODEL_CUSTOMIZATION_UUID`, `CREATION_TIMESTAMP`) VALUES ('5a9bd247-a9fe-11e7-8b4b-0242ac120002','5aa23938-a9fe-11e7-8b4b-0242ac120002','2017-10-05 18:52:03');

INSERT INTO `vnf_resource` (`ORCHESTRATION_MODE`, `DESCRIPTION`, `CREATION_TIMESTAMP`, `MODEL_UUID`, `AIC_VERSION_MIN`, `AIC_VERSION_MAX`, `MODEL_INVARIANT_UUID`, `MODEL_VERSION`, `MODEL_NAME`, `TOSCA_NODE_TYPE`, `HEAT_TEMPLATE_ARTIFACT_UUID`) VALUES ('HEAT','VFW service1707MIGRATED','2016-11-14 13:04:07','685822c7-4027-4f84-ba50-e9248606f132',NULL,NULL,'585822c7-4027-4f84-ba50-e9248606f113','1.0','VFWResource',NULL,NULL);

INSERT INTO `vnf_resource_customization` (`MODEL_CUSTOMIZATION_UUID`, `MODEL_INSTANCE_NAME`, `MIN_INSTANCES`, `MAX_INSTANCES`, `AVAILABILITY_ZONE_MAX_COUNT`, `NF_TYPE`, `NF_ROLE`, `NF_FUNCTION`, `NF_NAMING_CODE`, `CREATION_TIMESTAMP`, `VNF_RESOURCE_MODEL_UUID`) VALUES ('5a9bd247-a9fe-11e7-8b4b-0242ac120002','VFWResource-1',NULL,NULL,NULL,NULL,NULL,NULL,NULL,'2017-10-05 18:52:03','685822c7-4027-4f84-ba50-e9248606f132');
