use catalogdb;

DELETE FROM northbound_request_ref_lookup;
DELETE FROM orchestration_flow_reference;
DELETE FROM rainy_day_handler_macro;
DELETE FROM building_block_detail;
DELETE FROM orchestration_status_state_transition_directive;


INSERT INTO northbound_request_ref_lookup(MACRO_ACTION, ACTION, REQUEST_SCOPE, IS_ALACARTE,IS_TOPLEVELFLOW, MIN_API_VERSION, MAX_API_VERSION, CLOUD_OWNER, SERVICE_TYPE) VALUES
('Service-Create', 'createInstance', 'Service', true,true, '7','7', 'DEFAULT', '*'),
('Service-Delete', 'deleteInstance', 'Service', true,true, '7','7', 'DEFAULT', '*'),
('Service-Macro-Assign', 'assignInstance', 'Service', false,true, '7','7', 'DEFAULT', '*'),
('Service-Macro-Activate', 'activateInstance', 'Service', false,true, '5','7', 'DEFAULT', '*'),
('Service-Macro-Deactivate', 'deactivateInstance', 'Service', false,true, '5', '7', 'DEFAULT', '*'),
('Service-Macro-Unassign', 'unassignInstance', 'Service', false,true, '7','7', 'DEFAULT', '*'),
('Service-Macro-Create', 'createInstance', 'Service', false,true, '7','7', 'DEFAULT', '*'),
('Service-Macro-Delete', 'deleteInstance', 'Service', false,true, '7','7', 'DEFAULT', '*'),
('Service-Macro-Upgrade', 'upgradeInstance', 'Service', false,true, '7','7', 'DEFAULT', '*'),
('Network-Create', 'createInstance', 'Network', true,true, '7','7', 'DEFAULT', '*'),
('Network-Delete', 'deleteInstance', 'Network', true,true, '7','7', 'DEFAULT', '*'),
('Network-Update', 'updateInstance', 'Network', true,true, '7','7', 'DEFAULT', '*'),
('VNF-Macro-Create', 'createInstance', 'Vnf', false,true, '7','7', 'DEFAULT', '*'),
('VNF-Macro-Recreate', 'recreateInstance', 'Vnf', false,true, '7','7', 'DEFAULT', '*'),
('VNF-Macro-Replace', 'replaceInstance', 'Vnf', false,true, '7','7', 'DEFAULT', '*'),
('VNF-Create', 'createInstance', 'Vnf', true,true, '7', '7', 'DEFAULT', '*'),
('VNF-Delete', 'deleteInstance', 'Vnf', true,true, '7', '7', 'DEFAULT', '*'),
('VNF-Macro-Delete', 'deleteInstance', 'Vnf', false,true, '7', '7', 'DEFAULT', '*'),
('VNF-Macro-Modify', 'updateInstance', 'Vnf', false,true, '7', '7','DEFAULT', '*'),
('VNF-Macro-HealthCheck', 'healthCheck', 'Vnf', false,true, '7', '7','DEFAULT', '*'),
('VolumeGroup-Create', 'createInstance', 'VolumeGroup', true,true, '7','7', 'DEFAULT', '*'),
('VolumeGroup-Delete', 'deleteInstance', 'VolumeGroup', true,true, '7','7', 'DEFAULT', '*'),
('VFModule-Create', 'createInstance', 'VfModule', true,true, '7','7', 'DEFAULT', '*'),
('VFModule-Delete', 'deleteInstance', 'VfModule', true,true, '7','7', 'DEFAULT', '*'),
('VFModule-Replace', 'replaceInstance', 'VfModule', true,true, '7','7', 'DEFAULT', '*'),
('VFModule-Replace-Retain-Assignments', 'replaceInstanceRetainAssignments', 'VfModule', true,true, '7','7', 'DEFAULT', '*'),
('VFModule-DeactivateAndCloudDelete', 'deactivateAndCloudDelete', 'VfModule', true,true, '7','7', 'DEFAULT', '*'),
('NetworkCollection-Macro-Create', 'createInstance', 'NetworkCollection', false,true, '7','7', 'DEFAULT', '*'),
('NetworkCollection-Macro-Delete', 'deleteInstance', 'NetworkCollection', false,true, '7','7', 'DEFAULT', '*'),
('VFModule-ScaleOut', 'scaleOut', 'VfModule', true, true, '7','7', 'DEFAULT', '*'),
('VNF-InPlaceUpdate', 'inPlaceSoftwareUpdate', 'Vnf', true, true, '7','7', 'DEFAULT', '*'),
('VNF-Config-Update', 'applyUpdatedConfig', 'Vnf', true, true, '7','7', 'DEFAULT', '*'),
('CNF-Macro-Upgrade', 'upgradeCnf', 'Vnf', false,true, '7', '7','DEFAULT', '*'),
('PNF-Macro-Delete', 'deleteInstance', 'Pnf', false,true, '7', '7','DEFAULT', '*'),
('PNF-Macro-Create', 'createInstance', 'Pnf', false,true, '7', '7','DEFAULT', '*'),
('PNF-Macro-Modify', 'updateInstance', 'Pnf', false,true, '7', '7','DEFAULT', '*'),
('Cnf-Create', 'createInstance', 'Cnf', true, true, '7','7','DEFAULT', '*'),
('Cnf-Delete', 'deleteInstance', 'Cnf', true, true, '7','7','DEFAULT', '*'),
('Slice-Macro-create','createRanSlice','NetworkSliceSubnet',0,1,7,1,'DEFAULT','*'),
('Slice-Macro-modify','modifyRanSlice','NetworkSliceSubnet',0,1,7,1,'DEFAULT','*'),
('Slice-Macro-delete','deleteRanSlice','NetworkSliceSubnet',0,1,7,1,'DEFAULT','*');



INSERT INTO orchestration_flow_reference(COMPOSITE_ACTION, SEQ_NO, FLOW_NAME, SCOPE, ACTION, FLOW_VERSION, NB_REQ_REF_LOOKUP_ID) VALUES
('Service-Create', '1', 'AssignServiceInstanceBB', NULL, NULL, 1.0,(SELECT id from northbound_request_ref_lookup WHERE MACRO_ACTION = 'Service-Create' and CLOUD_OWNER = 'DEFAULT')),
('Service-Create', '2', 'ActivateServiceInstanceBB', NULL, NULL, 1.0,(SELECT id from northbound_request_ref_lookup WHERE MACRO_ACTION = 'Service-Create' and CLOUD_OWNER = 'DEFAULT')),
('Service-Delete', '1', 'DeactivateServiceInstanceBB', NULL, NULL, 1.0,(SELECT id from northbound_request_ref_lookup WHERE MACRO_ACTION = 'Service-Delete' and CLOUD_OWNER = 'DEFAULT')),
('Service-Delete', '2', 'UnassignServiceInstanceBB', NULL, NULL, 1.0,(SELECT id from northbound_request_ref_lookup WHERE MACRO_ACTION = 'Service-Delete' and CLOUD_OWNER = 'DEFAULT')),
('Service-Macro-Assign', '1', 'AssignServiceInstanceBB', NULL, NULL, 1.0,(SELECT id from northbound_request_ref_lookup WHERE MACRO_ACTION = 'Service-Macro-Assign' and CLOUD_OWNER = 'DEFAULT')),
('Service-Macro-Assign', '2', 'AssignNetworkBB', NULL, NULL, 1.0,(SELECT id from northbound_request_ref_lookup WHERE MACRO_ACTION = 'Service-Macro-Assign' and CLOUD_OWNER = 'DEFAULT')),
('Service-Macro-Assign', '3', 'AssignVnfBB', NULL, NULL, 1.0,(SELECT id from northbound_request_ref_lookup WHERE MACRO_ACTION = 'Service-Macro-Assign' and CLOUD_OWNER = 'DEFAULT')),
('Service-Macro-Assign', '4', 'AssignVolumeGroupBB', NULL, NULL, 1.0,(SELECT id from northbound_request_ref_lookup WHERE MACRO_ACTION = 'Service-Macro-Assign' and CLOUD_OWNER = 'DEFAULT')),
('Service-Macro-Assign', '5', 'AssignVfModuleBB', NULL, NULL, 1.0,(SELECT id from northbound_request_ref_lookup WHERE MACRO_ACTION = 'Service-Macro-Assign' and CLOUD_OWNER = 'DEFAULT')),
('Service-Macro-Assign', '6', 'ControllerExecutionBB', 'vnf', 'config-assign', 1.0,(SELECT id from northbound_request_ref_lookup WHERE MACRO_ACTION = 'Service-Macro-Assign' and CLOUD_OWNER = 'DEFAULT')),
('Service-Macro-Activate', '1', 'CreateNetworkBB', NULL, NULL, 1.0,(SELECT id from northbound_request_ref_lookup WHERE MACRO_ACTION = 'Service-Macro-Activate' and CLOUD_OWNER = 'DEFAULT')),
('Service-Macro-Activate', '2', 'ActivateNetworkBB', NULL, NULL, 1.0,(SELECT id from northbound_request_ref_lookup WHERE MACRO_ACTION = 'Service-Macro-Activate' and CLOUD_OWNER = 'DEFAULT')),
('Service-Macro-Activate', '3', 'CreateVolumeGroupBB', NULL, NULL, 1.0,(SELECT id from northbound_request_ref_lookup WHERE MACRO_ACTION = 'Service-Macro-Activate' and CLOUD_OWNER = 'DEFAULT')),
('Service-Macro-Activate', '4', 'ActivateVolumeGroupBB', NULL, NULL, 1.0,(SELECT id from northbound_request_ref_lookup WHERE MACRO_ACTION = 'Service-Macro-Activate' and CLOUD_OWNER = 'DEFAULT')),
('Service-Macro-Activate', '5', 'CreateVfModuleBB', NULL, NULL, 1.0,(SELECT id from northbound_request_ref_lookup WHERE MACRO_ACTION = 'Service-Macro-Activate' and CLOUD_OWNER = 'DEFAULT')),
('Service-Macro-Activate', '6', 'ActivateVfModuleBB', NULL, NULL, 1.0,(SELECT id from northbound_request_ref_lookup WHERE MACRO_ACTION = 'Service-Macro-Activate' and CLOUD_OWNER = 'DEFAULT')),
('Service-Macro-Activate', '7', 'ControllerExecutionBB', 'vnf', 'config-deploy', 1.0,(SELECT id from northbound_request_ref_lookup WHERE MACRO_ACTION = 'Service-Macro-Activate' and CLOUD_OWNER = 'DEFAULT')),
('Service-Macro-Activate', '8', 'ActivateVnfBB', NULL, NULL, 1.0,(SELECT id from northbound_request_ref_lookup WHERE MACRO_ACTION = 'Service-Macro-Activate' and CLOUD_OWNER = 'DEFAULT')),
('Service-Macro-Activate', '9', 'ActivateServiceInstanceBB', NULL, NULL, 1.0,(SELECT id from northbound_request_ref_lookup WHERE MACRO_ACTION = 'Service-Macro-Activate' and CLOUD_OWNER = 'DEFAULT')),
('Service-Macro-Deactivate', '1', 'DeactivateServiceInstanceBB', NULL, NULL, 1.0,(SELECT id FROM northbound_request_ref_lookup WHERE MACRO_ACTION = 'Service-Macro-Deactivate' and CLOUD_OWNER = 'DEFAULT')),
('Service-Macro-Unassign', '1', 'UnassignVfModuleBB', NULL, NULL, 1.0,(SELECT id from northbound_request_ref_lookup WHERE MACRO_ACTION = 'Service-Macro-Unassign' and CLOUD_OWNER = 'DEFAULT')),
('Service-Macro-Unassign', '2', 'UnassignVolumeGroupBB', NULL, NULL, 1.0,(SELECT id from northbound_request_ref_lookup WHERE MACRO_ACTION = 'Service-Macro-Unassign' and CLOUD_OWNER = 'DEFAULT')),
('Service-Macro-Unassign', '3', 'UnassignVnfBB', NULL, NULL, 1.0,(SELECT id from northbound_request_ref_lookup WHERE MACRO_ACTION = 'Service-Macro-Unassign' and CLOUD_OWNER = 'DEFAULT')),
('Service-Macro-Unassign', '4', 'UnassignNetworkBB', NULL, NULL, 1.0,(SELECT id from northbound_request_ref_lookup WHERE MACRO_ACTION = 'Service-Macro-Unassign' and CLOUD_OWNER = 'DEFAULT')),
('Service-Macro-Unassign', '5', 'UnassignServiceInstanceBB', NULL, NULL, 1.0,(SELECT id from northbound_request_ref_lookup WHERE MACRO_ACTION = 'Service-Macro-Unassign' and CLOUD_OWNER = 'DEFAULT')),
('Service-Macro-Create', '1', 'AssignServiceInstanceBB', NULL, NULL, 1.0,(SELECT id from northbound_request_ref_lookup WHERE MACRO_ACTION = 'Service-Macro-Create' and CLOUD_OWNER = 'DEFAULT')),
('Service-Macro-Create', '2', 'CreateChildServiceBB', NULL, NULL,1.0,(SELECT id from northbound_request_ref_lookup WHERE MACRO_ACTION = 'Service-Macro-Create' and CLOUD_OWNER = 'DEFAULT')),
('Service-Macro-Create', '3', 'CreateNetworkCollectionBB', NULL, NULL,1.0,(SELECT id from northbound_request_ref_lookup WHERE MACRO_ACTION = 'Service-Macro-Create' and CLOUD_OWNER = 'DEFAULT')),
('Service-Macro-Create', '4', 'AssignNetworkBB', NULL, NULL, 1.0,(SELECT id from northbound_request_ref_lookup WHERE MACRO_ACTION = 'Service-Macro-Create' and CLOUD_OWNER = 'DEFAULT')),
('Service-Macro-Create', '5', 'AssignVnfBB', NULL, NULL, 1.0,(SELECT id from northbound_request_ref_lookup WHERE MACRO_ACTION = 'Service-Macro-Create' and CLOUD_OWNER = 'DEFAULT')),
('Service-Macro-Create', '6', 'AssignVolumeGroupBB', NULL, NULL, 1.0,(SELECT id from northbound_request_ref_lookup WHERE MACRO_ACTION = 'Service-Macro-Create' and CLOUD_OWNER = 'DEFAULT')),
('Service-Macro-Create', '7', 'AssignVfModuleBB', NULL, NULL, 1.0,(SELECT id from northbound_request_ref_lookup WHERE MACRO_ACTION = 'Service-Macro-Create' and CLOUD_OWNER = 'DEFAULT')),
('Service-Macro-Create', '8', 'ControllerExecutionBB', 'vnf', 'config-assign', 1.0,(SELECT id from northbound_request_ref_lookup WHERE MACRO_ACTION = 'Service-Macro-Create' and CLOUD_OWNER = 'DEFAULT')),
('Service-Macro-Create', '9', 'AssignPnfBB', NULL, NULL, 1.0,(SELECT id from northbound_request_ref_lookup WHERE MACRO_ACTION = 'Service-Macro-Create' and CLOUD_OWNER = 'DEFAULT')),
('Service-Macro-Create', '10', 'WaitForPnfReadyBB', NULL, NULL, 1.0,(SELECT id from northbound_request_ref_lookup WHERE MACRO_ACTION = 'Service-Macro-Create' and CLOUD_OWNER = 'DEFAULT')),
('Service-Macro-Create', '11', 'ControllerExecutionBB', 'pnf', 'config-assign', 1.0,(SELECT id from northbound_request_ref_lookup WHERE MACRO_ACTION = 'Service-Macro-Create' and CLOUD_OWNER = 'DEFAULT')),
('Service-Macro-Create', '12', 'ControllerExecutionBB', 'pnf', 'config-deploy', 1.0,(SELECT id from northbound_request_ref_lookup WHERE MACRO_ACTION = 'Service-Macro-Create' and CLOUD_OWNER = 'DEFAULT')),
('Service-Macro-Create', '13', 'ActivatePnfBB', NULL, NULL, 1.0,(SELECT id from northbound_request_ref_lookup WHERE MACRO_ACTION = 'Service-Macro-Create' and CLOUD_OWNER = 'DEFAULT')),
('Service-Macro-Create', '14', 'CreateNetworkBB', NULL, NULL, 1.0,(SELECT id from northbound_request_ref_lookup WHERE MACRO_ACTION = 'Service-Macro-Create' and CLOUD_OWNER = 'DEFAULT')),
('Service-Macro-Create', '15', 'ActivateNetworkBB', NULL, NULL, 1.0,(SELECT id from northbound_request_ref_lookup WHERE MACRO_ACTION = 'Service-Macro-Create' and CLOUD_OWNER = 'DEFAULT')),
('Service-Macro-Create', '16', 'CreateVolumeGroupBB', NULL, NULL, 1.0,(SELECT id from northbound_request_ref_lookup WHERE MACRO_ACTION = 'Service-Macro-Create' and CLOUD_OWNER = 'DEFAULT')),
('Service-Macro-Create', '17', 'ActivateVolumeGroupBB', NULL, NULL, 1.0,(SELECT id from northbound_request_ref_lookup WHERE MACRO_ACTION = 'Service-Macro-Create' and CLOUD_OWNER = 'DEFAULT')),
('Service-Macro-Create', '18', 'CreateVfModuleBB', NULL, NULL, 1.0,(SELECT id from northbound_request_ref_lookup WHERE MACRO_ACTION = 'Service-Macro-Create' and CLOUD_OWNER = 'DEFAULT')),
('Service-Macro-Create', '19', 'ActivateVfModuleBB', NULL, NULL, 1.0,(SELECT id from northbound_request_ref_lookup WHERE MACRO_ACTION = 'Service-Macro-Create' and CLOUD_OWNER = 'DEFAULT')),
('Service-Macro-Create', '20', 'ControllerExecutionBB', 'vnf', 'config-deploy', 1.0,(SELECT id from northbound_request_ref_lookup WHERE MACRO_ACTION = 'Service-Macro-Create' and CLOUD_OWNER = 'DEFAULT')),
('Service-Macro-Create', '21', 'ActivateVnfBB', NULL, NULL, 1.0,(SELECT id from northbound_request_ref_lookup WHERE MACRO_ACTION = 'Service-Macro-Create' and CLOUD_OWNER = 'DEFAULT')),
('Service-Macro-Create', '22', 'ActivateNetworkCollectionBB', NULL, NULL,1.0,(SELECT id from northbound_request_ref_lookup WHERE MACRO_ACTION = 'Service-Macro-Create' and CLOUD_OWNER = 'DEFAULT')),
('Service-Macro-Create', '23', 'ActivateServiceInstanceBB', NULL, NULL, 1.0,(SELECT id from northbound_request_ref_lookup WHERE MACRO_ACTION = 'Service-Macro-Create' and CLOUD_OWNER = 'DEFAULT')),
('Service-Macro-Delete', '1', 'DeleteChildServiceBB', NULL, NULL, 1.0,(SELECT id from northbound_request_ref_lookup WHERE MACRO_ACTION = 'Service-Macro-Delete' and CLOUD_OWNER = 'DEFAULT')),
('Service-Macro-Delete', '2', 'DeactivateVfModuleBB', NULL, NULL, 1.0,(SELECT id from northbound_request_ref_lookup WHERE MACRO_ACTION = 'Service-Macro-Delete' and CLOUD_OWNER = 'DEFAULT')),
('Service-Macro-Delete', '3', 'DeleteVfModuleBB', NULL, NULL, 1.0,(SELECT id from northbound_request_ref_lookup WHERE MACRO_ACTION = 'Service-Macro-Delete' and CLOUD_OWNER = 'DEFAULT')),
('Service-Macro-Delete', '4', 'DeactivateVolumeGroupBB', NULL, NULL, 1.0,(SELECT id from northbound_request_ref_lookup WHERE MACRO_ACTION = 'Service-Macro-Delete' and CLOUD_OWNER = 'DEFAULT')),
('Service-Macro-Delete', '5', 'DeleteVolumeGroupBB', NULL, NULL, 1.0,(SELECT id from northbound_request_ref_lookup WHERE MACRO_ACTION = 'Service-Macro-Delete' and CLOUD_OWNER = 'DEFAULT')),
('Service-Macro-Delete', '6', 'DeactivateVnfBB', NULL, NULL, 1.0,(SELECT id from northbound_request_ref_lookup WHERE MACRO_ACTION = 'Service-Macro-Delete' and CLOUD_OWNER = 'DEFAULT')),
('Service-Macro-Delete', '7', 'DeactivatePnfBB', NULL, NULL, 1.0,(SELECT id from northbound_request_ref_lookup WHERE MACRO_ACTION = 'Service-Macro-Delete' and CLOUD_OWNER = 'DEFAULT')),
('Service-Macro-Delete', '8', 'DeactivateNetworkBB', NULL, NULL, 1.0,(SELECT id from northbound_request_ref_lookup WHERE MACRO_ACTION = 'Service-Macro-Delete' and CLOUD_OWNER = 'DEFAULT')),
('Service-Macro-Delete', '9', 'DeleteNetworkBB', NULL, NULL, 1.0,(SELECT id from northbound_request_ref_lookup WHERE MACRO_ACTION = 'Service-Macro-Delete' and CLOUD_OWNER = 'DEFAULT')),
('Service-Macro-Delete', '10', 'DeleteNetworkCollectionBB', NULL, NULL, 1.0,(SELECT id from northbound_request_ref_lookup WHERE MACRO_ACTION = 'Service-Macro-Delete' and CLOUD_OWNER = 'DEFAULT')),
('Service-Macro-Delete', '11', 'DeactivateServiceInstanceBB', NULL, NULL, 1.0,(SELECT id from northbound_request_ref_lookup WHERE MACRO_ACTION = 'Service-Macro-Delete' and CLOUD_OWNER = 'DEFAULT')),
('Service-Macro-Delete', '12', 'UnassignVfModuleBB', NULL, NULL, 1.0,(SELECT id from northbound_request_ref_lookup WHERE MACRO_ACTION = 'Service-Macro-Delete' and CLOUD_OWNER = 'DEFAULT')),
('Service-Macro-Delete', '13', 'UnassignVolumeGroupBB', NULL, NULL, 1.0,(SELECT id from northbound_request_ref_lookup WHERE MACRO_ACTION = 'Service-Macro-Delete' and CLOUD_OWNER = 'DEFAULT')),
('Service-Macro-Delete', '14', 'UnassignVnfBB', NULL, NULL, 1.0,(SELECT id from northbound_request_ref_lookup WHERE MACRO_ACTION = 'Service-Macro-Delete' and CLOUD_OWNER = 'DEFAULT')),
('Service-Macro-Delete', '15', 'UnassignNetworkBB', NULL, NULL, 1.0,(SELECT id from northbound_request_ref_lookup WHERE MACRO_ACTION = 'Service-Macro-Delete' and CLOUD_OWNER = 'DEFAULT')),
('Service-Macro-Delete', '16', 'UnassignServiceInstanceBB', NULL, NULL, 1.0,(SELECT id from northbound_request_ref_lookup WHERE MACRO_ACTION = 'Service-Macro-Delete' and CLOUD_OWNER = 'DEFAULT')),
('Service-Macro-Upgrade', '1', 'ChangeModelServiceInstanceBB', NULL, NULL, 1.0,(SELECT id from northbound_request_ref_lookup WHERE MACRO_ACTION = 'Service-Macro-Upgrade' and CLOUD_OWNER = 'DEFAULT')),
('Network-Create', '1', 'AssignNetworkBB', NULL, NULL, 1.0,(SELECT id from northbound_request_ref_lookup WHERE MACRO_ACTION = 'Network-Create' and CLOUD_OWNER = 'DEFAULT')),
('Network-Create', '2', 'CreateNetworkBB', NULL, NULL, 1.0,(SELECT id from northbound_request_ref_lookup WHERE MACRO_ACTION = 'Network-Create' and CLOUD_OWNER = 'DEFAULT')),
('Network-Create', '3', 'ActivateNetworkBB', NULL, NULL, 1.0,(SELECT id from northbound_request_ref_lookup WHERE MACRO_ACTION = 'Network-Create' and CLOUD_OWNER = 'DEFAULT')),
('Network-Delete', '1', 'DeactivateNetworkBB', NULL, NULL, 1.0,(SELECT id from northbound_request_ref_lookup WHERE MACRO_ACTION = 'Network-Delete' and CLOUD_OWNER = 'DEFAULT')),
('Network-Delete', '2', 'DeleteNetworkBB', NULL, NULL, 1.0,(SELECT id from northbound_request_ref_lookup WHERE MACRO_ACTION = 'Network-Delete' and CLOUD_OWNER = 'DEFAULT')),
('Network-Delete', '3', 'UnassignNetworkBB', NULL, NULL, 1.0,(SELECT id from northbound_request_ref_lookup WHERE MACRO_ACTION = 'Network-Delete' and CLOUD_OWNER = 'DEFAULT')),
('Network-Update', '1', 'UpdateNetworkBB', NULL, NULL, 1.0,(SELECT id from northbound_request_ref_lookup WHERE MACRO_ACTION = 'Network-Update' and CLOUD_OWNER = 'DEFAULT')),
('VNF-Create', '1', 'AssignVnfBB', NULL, NULL, 1.0,(SELECT id from northbound_request_ref_lookup WHERE MACRO_ACTION = 'VNF-Create' and CLOUD_OWNER = 'DEFAULT')),
('VNF-Create', '2', 'ActivateVnfBB', NULL, NULL, 1.0,(SELECT id from northbound_request_ref_lookup WHERE MACRO_ACTION = 'VNF-Create' and CLOUD_OWNER = 'DEFAULT')),
('VNF-Delete', '1', 'DeactivateVnfBB', NULL, NULL, 1.0,(SELECT id from northbound_request_ref_lookup WHERE MACRO_ACTION = 'VNF-Delete' and CLOUD_OWNER = 'DEFAULT')),
('VNF-Delete', '2', 'UnassignVnfBB', NULL, NULL, 1.0,(SELECT id from northbound_request_ref_lookup WHERE MACRO_ACTION = 'VNF-Delete' and CLOUD_OWNER = 'DEFAULT')),
('VNF-Macro-Create', '1', 'CreateNetworkCollectionBB', NULL, NULL,1.0,(SELECT id from northbound_request_ref_lookup WHERE MACRO_ACTION = 'VNF-Macro-Create' and CLOUD_OWNER = 'DEFAULT')),
('VNF-Macro-Create', '2', 'AssignNetworkBB', NULL, NULL, 1.0,(SELECT id from northbound_request_ref_lookup WHERE MACRO_ACTION = 'VNF-Macro-Create' and CLOUD_OWNER = 'DEFAULT')),
('VNF-Macro-Create', '3', 'AssignVnfBB', NULL, NULL, 1.0,(SELECT id from northbound_request_ref_lookup WHERE MACRO_ACTION = 'VNF-Macro-Create' and CLOUD_OWNER = 'DEFAULT')),
('VNF-Macro-Create', '4', 'AssignVolumeGroupBB', NULL, NULL, 1.0,(SELECT id from northbound_request_ref_lookup WHERE MACRO_ACTION = 'VNF-Macro-Create' and CLOUD_OWNER = 'DEFAULT')),
('VNF-Macro-Create', '5', 'AssignVfModuleBB', NULL, NULL, 1.0,(SELECT id from northbound_request_ref_lookup WHERE MACRO_ACTION = 'VNF-Macro-Create' and CLOUD_OWNER = 'DEFAULT')),
('VNF-Macro-Create', '6', 'ControllerExecutionBB', 'vnf', 'config-assign', 1.0,(SELECT id from northbound_request_ref_lookup WHERE MACRO_ACTION = 'VNF-Macro-Create' and CLOUD_OWNER = 'DEFAULT')),
('VNF-Macro-Create', '7', 'AssignPnfBB', NULL, NULL, 1.0,(SELECT id from northbound_request_ref_lookup WHERE MACRO_ACTION = 'VNF-Macro-Create' and CLOUD_OWNER = 'DEFAULT')),
('VNF-Macro-Create', '8', 'WaitForPnfReadyBB', NULL, NULL, 1.0,(SELECT id from northbound_request_ref_lookup WHERE MACRO_ACTION = 'VNF-Macro-Create' and CLOUD_OWNER = 'DEFAULT')),
('VNF-Macro-Create', '9', 'ActivatePnfBB', NULL, NULL, 1.0,(SELECT id from northbound_request_ref_lookup WHERE MACRO_ACTION = 'VNF-Macro-Create' and CLOUD_OWNER = 'DEFAULT')),
('VNF-Macro-Create', '10', 'CreateNetworkBB', NULL, NULL, 1.0,(SELECT id from northbound_request_ref_lookup WHERE MACRO_ACTION = 'VNF-Macro-Create' and CLOUD_OWNER = 'DEFAULT')),
('VNF-Macro-Create', '11', 'ActivateNetworkBB', NULL, NULL, 1.0,(SELECT id from northbound_request_ref_lookup WHERE MACRO_ACTION = 'VNF-Macro-Create' and CLOUD_OWNER = 'DEFAULT')),
('VNF-Macro-Create', '12', 'CreateVolumeGroupBB', NULL, NULL, 1.0,(SELECT id from northbound_request_ref_lookup WHERE MACRO_ACTION = 'VNF-Macro-Create' and CLOUD_OWNER = 'DEFAULT')),
('VNF-Macro-Create', '13', 'ActivateVolumeGroupBB', NULL, NULL, 1.0,(SELECT id from northbound_request_ref_lookup WHERE MACRO_ACTION = 'VNF-Macro-Create' and CLOUD_OWNER = 'DEFAULT')),
('VNF-Macro-Create', '14', 'CreateVfModuleBB', NULL, NULL, 1.0,(SELECT id from northbound_request_ref_lookup WHERE MACRO_ACTION = 'VNF-Macro-Create' and CLOUD_OWNER = 'DEFAULT')),
('VNF-Macro-Create', '15', 'ActivateVfModuleBB', NULL, NULL, 1.0,(SELECT id from northbound_request_ref_lookup WHERE MACRO_ACTION = 'VNF-Macro-Create' and CLOUD_OWNER = 'DEFAULT')),
('VNF-Macro-Create', '16', 'ControllerExecutionBB', 'vnf', 'config-deploy', 1.0,(SELECT id from northbound_request_ref_lookup WHERE MACRO_ACTION = 'VNF-Macro-Create' and CLOUD_OWNER = 'DEFAULT')),
('VNF-Macro-Create', '17', 'ActivateVnfBB', NULL, NULL, 1.0,(SELECT id from northbound_request_ref_lookup WHERE MACRO_ACTION = 'VNF-Macro-Create' and CLOUD_OWNER = 'DEFAULT')),
('VNF-Macro-Create', '18', 'ActivateNetworkCollectionBB', NULL, NULL,1.0,(SELECT id from northbound_request_ref_lookup WHERE MACRO_ACTION = 'VNF-Macro-Create' and CLOUD_OWNER = 'DEFAULT')),
('VNF-Macro-Delete', '1', 'DeactivateVfModuleBB', NULL, NULL, 1.0,(SELECT id from northbound_request_ref_lookup WHERE MACRO_ACTION = 'VNF-Macro-Delete' and CLOUD_OWNER = 'DEFAULT')),
('VNF-Macro-Delete', '2', 'DeleteVfModuleBB', NULL, NULL, 1.0,(SELECT id from northbound_request_ref_lookup WHERE MACRO_ACTION = 'VNF-Macro-Delete' and CLOUD_OWNER = 'DEFAULT')),
('VNF-Macro-Delete', '3', 'DeactivateVolumeGroupBB', NULL, NULL, 1.0,(SELECT id from northbound_request_ref_lookup WHERE MACRO_ACTION = 'VNF-Macro-Delete' and CLOUD_OWNER = 'DEFAULT')),
('VNF-Macro-Delete', '4', 'DeleteVolumeGroupBB', NULL, NULL, 1.0,(SELECT id from northbound_request_ref_lookup WHERE MACRO_ACTION = 'VNF-Macro-Delete' and CLOUD_OWNER = 'DEFAULT')),
('VNF-Macro-Delete', '5', 'DeactivateVnfBB', NULL, NULL, 1.0,(SELECT id from northbound_request_ref_lookup WHERE MACRO_ACTION = 'VNF-Macro-Delete' and CLOUD_OWNER = 'DEFAULT')),
('VNF-Macro-Delete', '6', 'DeactivateNetworkBB', NULL, NULL, 1.0,(SELECT id from northbound_request_ref_lookup WHERE MACRO_ACTION = 'VNF-Macro-Delete' and CLOUD_OWNER = 'DEFAULT')),
('VNF-Macro-Delete', '7', 'DeleteNetworkBB', NULL, NULL, 1.0,(SELECT id from northbound_request_ref_lookup WHERE MACRO_ACTION = 'VNF-Macro-Delete' and CLOUD_OWNER = 'DEFAULT')),
('VNF-Macro-Delete', '9', 'DeleteNetworkCollectionBB', NULL, NULL, 1.0,(SELECT id from northbound_request_ref_lookup WHERE MACRO_ACTION = 'VNF-Macro-Delete' and CLOUD_OWNER = 'DEFAULT')),
('VNF-Macro-Delete', '10', 'UnassignVfModuleBB', NULL, NULL, 1.0,(SELECT id from northbound_request_ref_lookup WHERE MACRO_ACTION = 'VNF-Macro-Delete' and CLOUD_OWNER = 'DEFAULT')),
('VNF-Macro-Delete', '11', 'UnassignVolumeGroupBB', NULL, NULL, 1.0,(SELECT id from northbound_request_ref_lookup WHERE MACRO_ACTION = 'VNF-Macro-Delete' and CLOUD_OWNER = 'DEFAULT')),
('VNF-Macro-Delete', '12', 'UnassignVnfBB', NULL, NULL, 1.0,(SELECT id from northbound_request_ref_lookup WHERE MACRO_ACTION = 'VNF-Macro-Delete' and CLOUD_OWNER = 'DEFAULT')),
('VNF-Macro-Delete', '13', 'UnassignNetworkBB', NULL, NULL, 1.0,(SELECT id from northbound_request_ref_lookup WHERE MACRO_ACTION = 'VNF-Macro-Delete' and CLOUD_OWNER = 'DEFAULT')),
('VNF-Macro-Recreate', '1', 'AAICheckVnfInMaintBB', NULL, NULL, 1.0,(SELECT id from northbound_request_ref_lookup WHERE MACRO_ACTION = 'VNF-Macro-Recreate' and CLOUD_OWNER = 'DEFAULT')),
('VNF-Macro-Recreate', '2', 'AAISetVnfInMaintBB', NULL, NULL, 1.0,(SELECT id from northbound_request_ref_lookup WHERE MACRO_ACTION = 'VNF-Macro-Recreate' and CLOUD_OWNER = 'DEFAULT')),
('VNF-Macro-Recreate', '3', 'DeactivateVfModuleBB', NULL, NULL, 1.0,(SELECT id from northbound_request_ref_lookup WHERE MACRO_ACTION = 'VNF-Macro-Recreate' and CLOUD_OWNER = 'DEFAULT')),
('VNF-Macro-Recreate', '4', 'DeleteVfModuleBB', NULL, NULL, 1.0,(SELECT id from northbound_request_ref_lookup WHERE MACRO_ACTION = 'VNF-Macro-Recreate' and CLOUD_OWNER = 'DEFAULT')),
('VNF-Macro-Recreate', '5', 'DeactivateVnfBB', NULL, NULL, 1.0,(SELECT id from northbound_request_ref_lookup WHERE MACRO_ACTION = 'VNF-Macro-Recreate' and CLOUD_OWNER = 'DEFAULT')),
('VNF-Macro-Recreate', '6', 'CreateVfModuleBB', NULL, NULL, 1.0,(SELECT id from northbound_request_ref_lookup WHERE MACRO_ACTION = 'VNF-Macro-Recreate' and CLOUD_OWNER = 'DEFAULT')),
('VNF-Macro-Recreate', '7', 'ActivateVfModuleBB', NULL, NULL, 1.0,(SELECT id from northbound_request_ref_lookup WHERE MACRO_ACTION = 'VNF-Macro-Recreate' and CLOUD_OWNER = 'DEFAULT')),
('VNF-Macro-Recreate', '8', 'ActivateVnfBB', NULL, NULL, 1.0,(SELECT id from northbound_request_ref_lookup WHERE MACRO_ACTION = 'VNF-Macro-Recreate' and CLOUD_OWNER = 'DEFAULT')),
('VNF-Macro-Recreate', '9', 'SDNOVnfHealthCheckBB', NULL, NULL, 1.0,(SELECT id from northbound_request_ref_lookup WHERE MACRO_ACTION = 'VNF-Macro-Recreate' and CLOUD_OWNER = 'DEFAULT')),
('VNF-Macro-Recreate', '10', 'AAIUnsetVnfInMaintBB', NULL, NULL, 1.0,(SELECT id from northbound_request_ref_lookup WHERE MACRO_ACTION = 'VNF-Macro-Recreate' and CLOUD_OWNER = 'DEFAULT')),
('VNF-Macro-Replace', '1', 'AAICheckVnfInMaintBB', NULL, NULL, 1.0,(SELECT id from northbound_request_ref_lookup WHERE MACRO_ACTION = 'VNF-Macro-Replace' and CLOUD_OWNER = 'DEFAULT')),
('VNF-Macro-Replace', '2', 'AAISetVnfInMaintBB', NULL, NULL, 1.0,(SELECT id from northbound_request_ref_lookup WHERE MACRO_ACTION = 'VNF-Macro-Replace' and CLOUD_OWNER = 'DEFAULT')),
('VNF-Macro-Replace', '5', 'DeactivateVfModuleBB', NULL, NULL, 1.0,(SELECT id from northbound_request_ref_lookup WHERE MACRO_ACTION = 'VNF-Macro-Replace' and CLOUD_OWNER = 'DEFAULT')),
('VNF-Macro-Replace', '6', 'DeleteVfModuleBB', NULL, NULL, 1.0,(SELECT id from northbound_request_ref_lookup WHERE MACRO_ACTION = 'VNF-Macro-Replace' and CLOUD_OWNER = 'DEFAULT')),
('VNF-Macro-Replace', '7', 'DeactivateVnfBB', NULL, NULL, 1.0,(SELECT id from northbound_request_ref_lookup WHERE MACRO_ACTION = 'VNF-Macro-Replace' and CLOUD_OWNER = 'DEFAULT')),
('VNF-Macro-Replace', '8', 'ChangeModelVfModuleBB', NULL, NULL, 1.0,(SELECT id from northbound_request_ref_lookup WHERE MACRO_ACTION = 'VNF-Macro-Replace' and CLOUD_OWNER = 'DEFAULT')),
('VNF-Macro-Replace', '9', 'CreateVfModuleBB', NULL, NULL, 1.0,(SELECT id from northbound_request_ref_lookup WHERE MACRO_ACTION = 'VNF-Macro-Replace' and CLOUD_OWNER = 'DEFAULT')),
('VNF-Macro-Replace', '10', 'ActivateVfModuleBB', NULL, NULL, 1.0,(SELECT id from northbound_request_ref_lookup WHERE MACRO_ACTION = 'VNF-Macro-Replace' and CLOUD_OWNER = 'DEFAULT')),
('VNF-Macro-Replace', '13', 'ChangeModelVnfBB', NULL, NULL, 1.0,(SELECT id from northbound_request_ref_lookup WHERE MACRO_ACTION = 'VNF-Macro-Replace' and CLOUD_OWNER = 'DEFAULT')),
('VNF-Macro-Replace', '14', 'ActivateVnfBB', NULL, NULL, 1.0,(SELECT id from northbound_request_ref_lookup WHERE MACRO_ACTION = 'VNF-Macro-Replace' and CLOUD_OWNER = 'DEFAULT')),
('VNF-Macro-Replace', '15', 'ChangeModelServiceInstanceBB', NULL, NULL, 1.0,(SELECT id from northbound_request_ref_lookup WHERE MACRO_ACTION = 'VNF-Macro-Replace' and CLOUD_OWNER = 'DEFAULT')),
('VNF-Macro-Replace', '16', 'SDNOVnfHealthCheckBB', NULL, NULL, 1.0,(SELECT id from northbound_request_ref_lookup WHERE MACRO_ACTION = 'VNF-Macro-Replace' and CLOUD_OWNER = 'DEFAULT')),
('VNF-Macro-Replace', '17', 'AAIUnsetVnfInMaintBB', NULL, NULL, 1.0,(SELECT id from northbound_request_ref_lookup WHERE MACRO_ACTION = 'VNF-Macro-Replace' and CLOUD_OWNER = 'DEFAULT')),
('VolumeGroup-Create', '1', 'AssignVolumeGroupBB', NULL, NULL, 1.0,(SELECT id from northbound_request_ref_lookup WHERE MACRO_ACTION = 'VolumeGroup-Create' and CLOUD_OWNER = 'DEFAULT')),
('VolumeGroup-Create', '2', 'CreateVolumeGroupBB', NULL, NULL, 1.0,(SELECT id from northbound_request_ref_lookup WHERE MACRO_ACTION = 'VolumeGroup-Create' and CLOUD_OWNER = 'DEFAULT')),
('VolumeGroup-Create', '3', 'ActivateVolumeGroupBB', NULL, NULL, 1.0,(SELECT id from northbound_request_ref_lookup WHERE MACRO_ACTION = 'VolumeGroup-Create' and CLOUD_OWNER = 'DEFAULT')),
('VolumeGroup-Delete', '1', 'DeactivateVolumeGroupBB', NULL, NULL, 1.0,(SELECT id from northbound_request_ref_lookup WHERE MACRO_ACTION = 'VolumeGroup-Delete' and CLOUD_OWNER = 'DEFAULT')),
('VolumeGroup-Delete', '2', 'DeleteVolumeGroupBB', NULL, NULL, 1.0,(SELECT id from northbound_request_ref_lookup WHERE MACRO_ACTION = 'VolumeGroup-Delete' and CLOUD_OWNER = 'DEFAULT')),
('VolumeGroup-Delete', '3', 'UnassignVolumeGroupBB', NULL, NULL, 1.0,(SELECT id from northbound_request_ref_lookup WHERE MACRO_ACTION = 'VolumeGroup-Delete' and CLOUD_OWNER = 'DEFAULT')),
('VFModule-Create', '1', 'AssignVfModuleBB', NULL, NULL,  1.0,(SELECT id from northbound_request_ref_lookup WHERE MACRO_ACTION = 'VFModule-Create' and CLOUD_OWNER = 'DEFAULT')),
('VFModule-Create', '2', 'CreateVfModuleBB', NULL, NULL, 1.0,(SELECT id from northbound_request_ref_lookup WHERE MACRO_ACTION = 'VFModule-Create' and CLOUD_OWNER = 'DEFAULT')),
('VFModule-Create', '3', 'ActivateVfModuleBB', NULL, NULL, 1.0,(SELECT id from northbound_request_ref_lookup WHERE MACRO_ACTION = 'VFModule-Create' and CLOUD_OWNER = 'DEFAULT')),
('VFModule-Delete', '1', 'DeactivateVfModuleBB', NULL, NULL, 1.0,(SELECT id from northbound_request_ref_lookup WHERE MACRO_ACTION = 'VFModule-Delete' and CLOUD_OWNER = 'DEFAULT')),
('VFModule-Delete', '2', 'DeleteVfModuleBB', NULL, NULL, 1.0,(SELECT id from northbound_request_ref_lookup WHERE MACRO_ACTION = 'VFModule-Delete' and CLOUD_OWNER = 'DEFAULT')),
('VFModule-Delete', '3', 'UnassignVfModuleBB', NULL, NULL, 1.0,(SELECT id from northbound_request_ref_lookup WHERE MACRO_ACTION = 'VFModule-Delete' and CLOUD_OWNER = 'DEFAULT')),
('NetworkCollection-Macro-Create', '1', 'CreateNetworkCollectionBB', NULL, NULL,1.0,(SELECT id from northbound_request_ref_lookup WHERE MACRO_ACTION = 'NetworkCollection-Macro-Create' and CLOUD_OWNER = 'DEFAULT')),
('NetworkCollection-Macro-Create', '2', 'AssignNetworkBB', NULL, NULL,1.0,(SELECT id from northbound_request_ref_lookup WHERE MACRO_ACTION = 'NetworkCollection-Macro-Create' and CLOUD_OWNER = 'DEFAULT')),
('NetworkCollection-Macro-Create', '3', 'CreateNetworkBB', NULL, NULL,1.0,(SELECT id from northbound_request_ref_lookup WHERE MACRO_ACTION = 'NetworkCollection-Macro-Create' and CLOUD_OWNER = 'DEFAULT')),
('NetworkCollection-Macro-Create', '4', 'ActivateNetworkBB', NULL, NULL,1.0,(SELECT id from northbound_request_ref_lookup WHERE MACRO_ACTION = 'NetworkCollection-Macro-Create' and CLOUD_OWNER = 'DEFAULT')),
('NetworkCollection-Macro-Create', '5', 'ActivateNetworkCollectionBB', NULL, NULL,1.0,(SELECT id from northbound_request_ref_lookup WHERE MACRO_ACTION = 'NetworkCollection-Macro-Create' and CLOUD_OWNER = 'DEFAULT')),
('NetworkCollection-Macro-Delete', '1', 'DeactivateNetworkBB', NULL, NULL,1.0,(SELECT id from northbound_request_ref_lookup WHERE MACRO_ACTION = 'NetworkCollection-Macro-Delete' and CLOUD_OWNER = 'DEFAULT')),
('NetworkCollection-Macro-Delete', '2', 'DeleteNetworkBB', NULL, NULL,1.0,(SELECT id from northbound_request_ref_lookup WHERE MACRO_ACTION = 'NetworkCollection-Macro-Delete' and CLOUD_OWNER = 'DEFAULT')),
('NetworkCollection-Macro-Delete', '3', 'UnassignNetworkBB', NULL, NULL,1.0,(SELECT id from northbound_request_ref_lookup WHERE MACRO_ACTION = 'NetworkCollection-Macro-Delete' and CLOUD_OWNER = 'DEFAULT')),
('NetworkCollection-Macro-Delete', '4', 'DeleteNetworkCollectionBB', NULL, NULL,1.0,(SELECT id from northbound_request_ref_lookup WHERE MACRO_ACTION = 'NetworkCollection-Macro-Delete' and CLOUD_OWNER = 'DEFAULT')),
('VFModule-ScaleOut', '1', 'ControllerExecutionBB', 'vnf', 'HealthCheck', 1.0,(SELECT id from northbound_request_ref_lookup WHERE MACRO_ACTION = 'VFModule-ScaleOut' and CLOUD_OWNER = 'DEFAULT')),
('VFModule-ScaleOut', '2', 'AssignVfModuleBB', NULL, NULL, 1.0,(SELECT id from northbound_request_ref_lookup WHERE MACRO_ACTION = 'VFModule-ScaleOut' and CLOUD_OWNER = 'DEFAULT')),
('VFModule-ScaleOut', '3', 'CreateVfModuleBB', NULL, NULL, 1.0,(SELECT id from northbound_request_ref_lookup WHERE MACRO_ACTION = 'VFModule-ScaleOut' and CLOUD_OWNER = 'DEFAULT')),
('VFModule-ScaleOut', '4', 'ActivateVfModuleBB', NULL, NULL, 1.0,(SELECT id from northbound_request_ref_lookup WHERE MACRO_ACTION = 'VFModule-ScaleOut' and CLOUD_OWNER = 'DEFAULT')),
('VFModule-ScaleOut', '5', 'ConfigurationScaleOutBB', NULL, NULL, 1.0,(SELECT id from northbound_request_ref_lookup WHERE MACRO_ACTION = 'VFModule-ScaleOut' and CLOUD_OWNER = 'DEFAULT')),
('VFModule-ScaleOut', '6', 'ControllerExecutionBB', 'vnf', 'HealthCheck', 1.0,(SELECT id from northbound_request_ref_lookup WHERE MACRO_ACTION = 'VFModule-ScaleOut' and CLOUD_OWNER = 'DEFAULT')),
('VFModule-Replace', '1', 'DeactivateVfModuleBB', NULL, NULL, 1.0,(SELECT id from northbound_request_ref_lookup WHERE MACRO_ACTION = 'VFModule-Replace' and CLOUD_OWNER = 'DEFAULT')),
('VFModule-Replace', '2', 'DeleteVfModuleBB', NULL, NULL, 1.0,(SELECT id from northbound_request_ref_lookup WHERE MACRO_ACTION = 'VFModule-Replace' and CLOUD_OWNER = 'DEFAULT')),
('VFModule-Replace', '3', 'DeactivateVolumeGroupBB', NULL, NULL, 1.0,(SELECT id from northbound_request_ref_lookup WHERE MACRO_ACTION = 'VFModule-Replace' and CLOUD_OWNER = 'DEFAULT')),
('VFModule-Replace', '4', 'DeleteVolumeGroupBB', NULL, NULL, 1.0,(SELECT id from northbound_request_ref_lookup WHERE MACRO_ACTION = 'VFModule-Replace' and CLOUD_OWNER = 'DEFAULT')),
('VFModule-Replace', '5', 'UnassignVfModuleBB', NULL, NULL, 1.0,(SELECT id from northbound_request_ref_lookup WHERE MACRO_ACTION = 'VFModule-Replace' and CLOUD_OWNER = 'DEFAULT')),
('VFModule-Replace', '6', 'UnassignVolumeGroupBB', NULL, NULL, 1.0,(SELECT id from northbound_request_ref_lookup WHERE MACRO_ACTION = 'VFModule-Replace' and CLOUD_OWNER = 'DEFAULT')),
('VFModule-Replace', '7', 'AssignVolumeGroupBB', NULL, NULL, 1.0,(SELECT id from northbound_request_ref_lookup WHERE MACRO_ACTION = 'VFModule-Replace' and CLOUD_OWNER = 'DEFAULT')),
('VFModule-Replace', '8', 'AssignVfModuleBB', NULL, NULL, 1.0,(SELECT id from northbound_request_ref_lookup WHERE MACRO_ACTION = 'VFModule-Replace' and CLOUD_OWNER = 'DEFAULT')),
('VFModule-Replace', '9', 'CreateVolumeGroupBB', NULL, NULL, 1.0,(SELECT id from northbound_request_ref_lookup WHERE MACRO_ACTION = 'VFModule-Replace' and CLOUD_OWNER = 'DEFAULT')),
('VFModule-Replace', '10', 'ActivateVolumeGroupBB', NULL, NULL, 1.0,(SELECT id from northbound_request_ref_lookup WHERE MACRO_ACTION = 'VFModule-Replace' and CLOUD_OWNER = 'DEFAULT')),
('VFModule-Replace', '11', 'CreateVfModuleBB', NULL, NULL, 1.0,(SELECT id from northbound_request_ref_lookup WHERE MACRO_ACTION = 'VFModule-Replace' and CLOUD_OWNER = 'DEFAULT')),
('VFModule-Replace', '12', 'ActivateVfModuleBB', NULL, NULL, 1.0,(SELECT id from northbound_request_ref_lookup WHERE MACRO_ACTION = 'VFModule-Replace' and CLOUD_OWNER = 'DEFAULT')),
('VFModule-Replace', '13', 'ChangeModelVnfBB', NULL, NULL, 1.0,(SELECT id from northbound_request_ref_lookup WHERE MACRO_ACTION = 'VFModule-Replace' and CLOUD_OWNER = 'DEFAULT')),
('VFModule-Replace', '14', 'ChangeModelServiceInstanceBB', NULL, NULL, 1.0,(SELECT id from northbound_request_ref_lookup WHERE MACRO_ACTION = 'VFModule-Replace' and CLOUD_OWNER = 'DEFAULT')),
('VFModule-Replace-Retain-Assignments', '1', 'DeactivateVfModuleBB', NULL, NULL, 1.0,(SELECT id from northbound_request_ref_lookup WHERE MACRO_ACTION = 'VFModule-Replace-Retain-Assignments' and CLOUD_OWNER = 'DEFAULT')),
('VFModule-Replace-Retain-Assignments', '2', 'DeleteVfModuleBB', NULL, NULL, 1.0,(SELECT id from northbound_request_ref_lookup WHERE MACRO_ACTION = 'VFModule-Replace-Retain-Assignments' and CLOUD_OWNER = 'DEFAULT')),
('VFModule-Replace-Retain-Assignments', '3', 'DeactivateVolumeGroupBB', NULL, NULL, 1.0,(SELECT id from northbound_request_ref_lookup WHERE MACRO_ACTION = 'VFModule-Replace-Retain-Assignments' and CLOUD_OWNER = 'DEFAULT')),
('VFModule-Replace-Retain-Assignments', '4', 'DeleteVolumeGroupBB', NULL, NULL, 1.0,(SELECT id from northbound_request_ref_lookup WHERE MACRO_ACTION = 'VFModule-Replace-Retain-Assignments' and CLOUD_OWNER = 'DEFAULT')),
('VFModule-Replace-Retain-Assignments', '5', 'UnassignVolumeGroupBB', NULL, NULL, 1.0,(SELECT id from northbound_request_ref_lookup WHERE MACRO_ACTION = 'VFModule-Replace-Retain-Assignments' and CLOUD_OWNER = 'DEFAULT')),
('VFModule-Replace-Retain-Assignments', '6', 'AssignVolumeGroupBB', NULL, NULL, 1.0,(SELECT id from northbound_request_ref_lookup WHERE MACRO_ACTION = 'VFModule-Replace-Retain-Assignments' and CLOUD_OWNER = 'DEFAULT')),
('VFModule-Replace-Retain-Assignments', '7', 'ChangeModelVfModuleBB', NULL, NULL, 1.0,(SELECT id from northbound_request_ref_lookup WHERE MACRO_ACTION = 'VFModule-Replace-Retain-Assignments' and CLOUD_OWNER = 'DEFAULT')),
('VFModule-Replace-Retain-Assignments', '8', 'CreateVolumeGroupBB', NULL, NULL, 1.0,(SELECT id from northbound_request_ref_lookup WHERE MACRO_ACTION = 'VFModule-Replace-Retain-Assignments' and CLOUD_OWNER = 'DEFAULT')),
('VFModule-Replace-Retain-Assignments', '9', 'ActivateVolumeGroupBB', NULL, NULL, 1.0,(SELECT id from northbound_request_ref_lookup WHERE MACRO_ACTION = 'VFModule-Replace-Retain-Assignments' and CLOUD_OWNER = 'DEFAULT')),
('VFModule-Replace-Retain-Assignments', '10', 'CreateVfModuleBB', NULL, NULL, 1.0,(SELECT id from northbound_request_ref_lookup WHERE MACRO_ACTION = 'VFModule-Replace-Retain-Assignments' and CLOUD_OWNER = 'DEFAULT')),
('VFModule-Replace-Retain-Assignments', '11', 'ActivateVfModuleBB', NULL, NULL, 1.0,(SELECT id from northbound_request_ref_lookup WHERE MACRO_ACTION = 'VFModule-Replace-Retain-Assignments' and CLOUD_OWNER = 'DEFAULT')),
('VFModule-Replace-Retain-Assignments', '12', 'ChangeModelVnfBB', NULL, NULL, 1.0,(SELECT id from northbound_request_ref_lookup WHERE MACRO_ACTION = 'VFModule-Replace-Retain-Assignments' and CLOUD_OWNER = 'DEFAULT')),
('VFModule-Replace-Retain-Assignments', '13', 'ChangeModelServiceInstanceBB', NULL, NULL, 1.0,(SELECT id from northbound_request_ref_lookup WHERE MACRO_ACTION = 'VFModule-Replace-Retain-Assignments' and CLOUD_OWNER = 'DEFAULT')),
('VFModule-DeactivateAndCloudDelete', '1', 'DeactivateVfModuleBB', NULL, NULL, 1.0,(SELECT id from northbound_request_ref_lookup WHERE MACRO_ACTION = 'VFModule-DeactivateAndCloudDelete' and CLOUD_OWNER = 'DEFAULT')),
('VFModule-DeactivateAndCloudDelete', '2', 'DeleteVfModuleBB', NULL, NULL, 1.0,(SELECT id from northbound_request_ref_lookup WHERE MACRO_ACTION = 'VFModule-DeactivateAndCloudDelete' and CLOUD_OWNER = 'DEFAULT')),
('VNF-InPlaceUpdate', '1', 'VNFCheckPserversLockedFlagActivity', NULL, NULL, 1.0,(SELECT id from northbound_request_ref_lookup WHERE MACRO_ACTION = 'VNF-InPlaceUpdate' and CLOUD_OWNER = 'DEFAULT')),
('VNF-InPlaceUpdate', '2', 'VNFCheckInMaintFlagActivity', NULL, NULL, 1.0,(SELECT id from northbound_request_ref_lookup WHERE MACRO_ACTION = 'VNF-InPlaceUpdate' and CLOUD_OWNER = 'DEFAULT')),
('VNF-InPlaceUpdate', '3', 'VNFSetInMaintFlagActivity', NULL, NULL, 1.0,(SELECT id from northbound_request_ref_lookup WHERE MACRO_ACTION = 'VNF-InPlaceUpdate' and CLOUD_OWNER = 'DEFAULT')),
('VNF-InPlaceUpdate', '4', 'VNFCheckClosedLoopDisabledFlagActivity', NULL, NULL, 1.0,(SELECT id from northbound_request_ref_lookup WHERE MACRO_ACTION = 'VNF-InPlaceUpdate' and CLOUD_OWNER = 'DEFAULT')),
('VNF-InPlaceUpdate', '5', 'VNFSetClosedLoopDisabledFlagActivity', NULL, NULL, 1.0,(SELECT id from northbound_request_ref_lookup WHERE MACRO_ACTION = 'VNF-InPlaceUpdate' and CLOUD_OWNER = 'DEFAULT')),
('VNF-InPlaceUpdate', '6', 'VNFLockActivity', NULL, NULL, 1.0,(SELECT id from northbound_request_ref_lookup WHERE MACRO_ACTION = 'VNF-InPlaceUpdate' and CLOUD_OWNER = 'DEFAULT')),
('VNF-InPlaceUpdate', '7', 'VNFUpgradePreCheckActivity', NULL, NULL, 1.0,(SELECT id from northbound_request_ref_lookup WHERE MACRO_ACTION = 'VNF-InPlaceUpdate' and CLOUD_OWNER = 'DEFAULT')),
('VNF-InPlaceUpdate', '8', 'VNFQuiesceTrafficActivity', NULL, NULL, 1.0,(SELECT id from northbound_request_ref_lookup WHERE MACRO_ACTION = 'VNF-InPlaceUpdate' and CLOUD_OWNER = 'DEFAULT')),
('VNF-InPlaceUpdate', '9', 'VNFStopActivity', NULL, NULL, 1.0,(SELECT id from northbound_request_ref_lookup WHERE MACRO_ACTION = 'VNF-InPlaceUpdate' and CLOUD_OWNER = 'DEFAULT')),
('VNF-InPlaceUpdate', '10', 'VNFSnapShotActivity', NULL, NULL, 1.0,(SELECT id from northbound_request_ref_lookup WHERE MACRO_ACTION = 'VNF-InPlaceUpdate' and CLOUD_OWNER = 'DEFAULT')),
('VNF-InPlaceUpdate', '11', 'VNFStartActivity', NULL, NULL, 1.0,(SELECT id from northbound_request_ref_lookup WHERE MACRO_ACTION = 'VNF-InPlaceUpdate' and CLOUD_OWNER = 'DEFAULT')),
('VNF-InPlaceUpdate', '12', 'VNFUpgradeBackupActivity', NULL, NULL, 1.0,(SELECT id from northbound_request_ref_lookup WHERE MACRO_ACTION = 'VNF-InPlaceUpdate' and CLOUD_OWNER = 'DEFAULT')),
('VNF-InPlaceUpdate', '13', 'VNFUpgradeSoftwareActivity', NULL, NULL, 1.0,(SELECT id from northbound_request_ref_lookup WHERE MACRO_ACTION = 'VNF-InPlaceUpdate' and CLOUD_OWNER = 'DEFAULT')),
('VNF-InPlaceUpdate', '14', 'VNFUpgradePostCheckActivity', NULL, NULL, 1.0,(SELECT id from northbound_request_ref_lookup WHERE MACRO_ACTION = 'VNF-InPlaceUpdate' and CLOUD_OWNER = 'DEFAULT')),
('VNF-InPlaceUpdate', '15', 'VNFResumeTrafficActivity', NULL, NULL, 1.0,(SELECT id from northbound_request_ref_lookup WHERE MACRO_ACTION = 'VNF-InPlaceUpdate' and CLOUD_OWNER = 'DEFAULT')),
('VNF-InPlaceUpdate', '16', 'VNFUnlockActivity', NULL, NULL, 1.0,(SELECT id from northbound_request_ref_lookup WHERE MACRO_ACTION = 'VNF-InPlaceUpdate' and CLOUD_OWNER = 'DEFAULT')),
('VNF-InPlaceUpdate', '17', 'VNFUnsetInMaintFlagActivity', NULL, NULL, 1.0,(SELECT id from northbound_request_ref_lookup WHERE MACRO_ACTION = 'VNF-InPlaceUpdate' and CLOUD_OWNER = 'DEFAULT')),
('VNF-InPlaceUpdate', '18', 'VNFUnsetClosedLoopDisabledFlagActivity', NULL, NULL, 1.0,(SELECT id from northbound_request_ref_lookup WHERE MACRO_ACTION = 'VNF-InPlaceUpdate' and CLOUD_OWNER = 'DEFAULT')),
('VNF-Config-Update', '1', 'VNFCheckPserversLockedFlagActivity', NULL, NULL, 1.0,(SELECT id from northbound_request_ref_lookup WHERE MACRO_ACTION = 'VNF-Config-Update' and CLOUD_OWNER = 'DEFAULT')),
('VNF-Config-Update', '2', 'VNFCheckInMaintFlagActivity', NULL, NULL, 1.0,(SELECT id from northbound_request_ref_lookup WHERE MACRO_ACTION = 'VNF-Config-Update' and CLOUD_OWNER = 'DEFAULT')),
('VNF-Config-Update', '3', 'VNFSetInMaintFlagActivity', NULL, NULL, 1.0,(SELECT id from northbound_request_ref_lookup WHERE MACRO_ACTION = 'VNF-Config-Update' and CLOUD_OWNER = 'DEFAULT')),
('VNF-Config-Update', '4', 'VNFSetClosedLoopDisabledFlagActivity', NULL, NULL, 1.0,(SELECT id from northbound_request_ref_lookup WHERE MACRO_ACTION = 'VNF-Config-Update' and CLOUD_OWNER = 'DEFAULT')),
('VNF-Config-Update', '5', 'VNFHealthCheckActivity', NULL, NULL, 1.0,(SELECT id from northbound_request_ref_lookup WHERE MACRO_ACTION = 'VNF-Config-Update' and CLOUD_OWNER = 'DEFAULT')),
('VNF-Config-Update', '6', 'VNFConfigModifyActivity', NULL, NULL, 1.0,(SELECT id from northbound_request_ref_lookup WHERE MACRO_ACTION = 'VNF-Config-Update' and CLOUD_OWNER = 'DEFAULT')),
('VNF-Config-Update', '7', 'VNFHealthCheckActivity', NULL, NULL, 1.0,(SELECT id from northbound_request_ref_lookup WHERE MACRO_ACTION = 'VNF-Config-Update' and CLOUD_OWNER = 'DEFAULT')),
('VNF-Config-Update', '8', 'VNFUnsetInMaintFlagActivity', NULL, NULL, 1.0,(SELECT id from northbound_request_ref_lookup WHERE MACRO_ACTION = 'VNF-Config-Update' and CLOUD_OWNER = 'DEFAULT')),
('VNF-Config-Update', '9', 'VNFUnsetClosedLoopDisabledFlagActivity', NULL, NULL, 1.0,(SELECT id from northbound_request_ref_lookup WHERE MACRO_ACTION = 'VNF-Config-Update' and CLOUD_OWNER = 'DEFAULT')),
('VNF-Macro-Modify', '1', 'ControllerExecutionBB', 'vnf', 'config-assign', 1.0,(SELECT id from northbound_request_ref_lookup WHERE MACRO_ACTION = 'VNF-Macro-Modify' and CLOUD_OWNER = 'DEFAULT')),
('VNF-Macro-Modify', '2', 'ControllerExecutionBB', 'vnf', 'config-deploy', 1.0,(SELECT id from northbound_request_ref_lookup WHERE MACRO_ACTION = 'VNF-Macro-Modify' and CLOUD_OWNER = 'DEFAULT')),
('VNF-Macro-HealthCheck', '1', 'HealthCheckBB', 'vnf', 'status-check', 1.0,(SELECT id from northbound_request_ref_lookup WHERE MACRO_ACTION = 'VNF-Macro-HealthCheck' and CLOUD_OWNER = 'DEFAULT')),
('VNF-Macro-HealthCheck', '2', 'HealthCheckBB', 'vnf', 'health-check', 1.0,(SELECT id from northbound_request_ref_lookup WHERE MACRO_ACTION = 'VNF-Macro-HealthCheck' and CLOUD_OWNER = 'DEFAULT')),
('CNF-Macro-Upgrade', '1', 'AAICheckVnfInMaintBB', NULL, NULL, 1.0,(SELECT id from northbound_request_ref_lookup WHERE MACRO_ACTION = 'CNF-Macro-Upgrade' and CLOUD_OWNER = 'DEFAULT')),
('CNF-Macro-Upgrade', '2', 'AAISetVnfInMaintBB', NULL, NULL, 1.0,(SELECT id from northbound_request_ref_lookup WHERE MACRO_ACTION = 'CNF-Macro-Upgrade' and CLOUD_OWNER = 'DEFAULT')),
('CNF-Macro-Upgrade', '3', 'DeactivateVfModuleBB', NULL, NULL, 1.0,(SELECT id from northbound_request_ref_lookup WHERE MACRO_ACTION = 'CNF-Macro-Upgrade' and CLOUD_OWNER = 'DEFAULT')),
('CNF-Macro-Upgrade', '4', 'DeactivateVnfBB', NULL, NULL, 1.0,(SELECT id from northbound_request_ref_lookup WHERE MACRO_ACTION = 'CNF-Macro-Upgrade' and CLOUD_OWNER = 'DEFAULT')),
('CNF-Macro-Upgrade', '5', 'VfModuleUpgradeStatusBB', NULL, NULL, 1.0,(SELECT id from northbound_request_ref_lookup WHERE MACRO_ACTION = 'CNF-Macro-Upgrade' and CLOUD_OWNER = 'DEFAULT')),
('CNF-Macro-Upgrade', '6', 'ChangeModelVfModuleBB', NULL, NULL, 1.0,(SELECT id from northbound_request_ref_lookup WHERE MACRO_ACTION = 'CNF-Macro-Upgrade' and CLOUD_OWNER = 'DEFAULT')),
('CNF-Macro-Upgrade', '7', 'ControllerExecutionBB', 'vnf', 'config-upgrade-assign', 1.0,(SELECT id from northbound_request_ref_lookup WHERE MACRO_ACTION = 'CNF-Macro-Upgrade' and CLOUD_OWNER = 'DEFAULT')),
('CNF-Macro-Upgrade', '8', 'UpgradeVfModuleBB', NULL , NULL, 1.0,(SELECT id from northbound_request_ref_lookup WHERE MACRO_ACTION = 'CNF-Macro-Upgrade' and CLOUD_OWNER = 'DEFAULT')),
('CNF-Macro-Upgrade', '9', 'ControllerExecutionBB', 'vnf', 'config-upgrade-deploy', 1.0,(SELECT id from northbound_request_ref_lookup WHERE MACRO_ACTION = 'CNF-Macro-Upgrade' and CLOUD_OWNER = 'DEFAULT')),
('CNF-Macro-Upgrade', '10', 'ActivateVfModuleBB', NULL, NULL, 1.0,(SELECT id from northbound_request_ref_lookup WHERE MACRO_ACTION = 'CNF-Macro-Upgrade' and CLOUD_OWNER = 'DEFAULT')),
('CNF-Macro-Upgrade', '11', 'ChangeModelVnfBB', NULL, NULL, 1.0,(SELECT id from northbound_request_ref_lookup WHERE MACRO_ACTION = 'CNF-Macro-Upgrade' and CLOUD_OWNER = 'DEFAULT')),
('CNF-Macro-Upgrade', '12', 'ActivateVnfBB', NULL, NULL, 1.0,(SELECT id from northbound_request_ref_lookup WHERE MACRO_ACTION = 'CNF-Macro-Upgrade' and CLOUD_OWNER = 'DEFAULT')),
('CNF-Macro-Upgrade', '13', 'AAIUnsetVnfInMaintBB', NULL, NULL, 1.0,(SELECT id from northbound_request_ref_lookup WHERE MACRO_ACTION = 'CNF-Macro-Upgrade' and CLOUD_OWNER = 'DEFAULT')),
('PNF-Macro-Create', '1', 'AssignPnfBB', NULL, NULL, 1.0,(SELECT id from northbound_request_ref_lookup WHERE MACRO_ACTION = 'PNF-Macro-Create' and CLOUD_OWNER = 'DEFAULT')),
('PNF-Macro-Create', '2', 'WaitForPnfReadyBB', NULL, NULL, 1.0,(SELECT id from northbound_request_ref_lookup WHERE MACRO_ACTION = 'PNF-Macro-Create' and CLOUD_OWNER = 'DEFAULT')),
('PNF-Macro-Create', '3', 'ControllerExecutionBB',  'pnf' , 'config-assign', 1.0,(SELECT id from northbound_request_ref_lookup WHERE MACRO_ACTION = 'PNF-Macro-Create' and CLOUD_OWNER = 'DEFAULT')),
('PNF-Macro-Create', '4', 'ControllerExecutionBB',  'pnf' , 'config-deploy', 1.0,(SELECT id from northbound_request_ref_lookup WHERE MACRO_ACTION = 'PNF-Macro-Create' and CLOUD_OWNER = 'DEFAULT')),
('PNF-Macro-Create', '5', 'ActivatePnfBB', NULL, NULL, 1.0,(SELECT id from northbound_request_ref_lookup WHERE MACRO_ACTION = 'PNF-Macro-Create' and CLOUD_OWNER = 'DEFAULT')),
('PNF-Macro-Delete', '1', 'DeactivatePnfBB', NULL, NULL, 1.0,(SELECT id from northbound_request_ref_lookup WHERE MACRO_ACTION = 'PNF-Macro-Delete' and CLOUD_OWNER = 'DEFAULT')),
('PNF-Macro-Delete', '2', 'UnassignPnfBB', NULL, NULL, 1.0,(SELECT id from northbound_request_ref_lookup WHERE MACRO_ACTION = 'PNF-Macro-Delete' and CLOUD_OWNER = 'DEFAULT')),
('CNF-Create', '1', 'CnfInstantiateBB', NULL, NULL, 1.0,(SELECT id from northbound_request_ref_lookup WHERE MACRO_ACTION = 'Cnf-Create' and CLOUD_OWNER = 'DEFAULT')),
('CNF-Delete', '2', 'CnfDeleteBB', NULL, NULL, 1.0,(SELECT id from northbound_request_ref_lookup WHERE MACRO_ACTION = 'Cnf-Delete' and CLOUD_OWNER = 'DEFAULT')),
('Slice-Macro-Create','1','AssignRANNssiBB','nssi',null,1.0,(SELECT id from northbound_request_ref_lookup WHERE MACRO_ACTION = 'Slice-Macro-create' and CLOUD_OWNER = 'DEFAULT')),
('Slice-Macro-Create','2','ControllerExecutionBB','nssi','create-sliceprofile',1.0,(SELECT id from northbound_request_ref_lookup WHERE MACRO_ACTION = 'Slice-Macro-create' and CLOUD_OWNER = 'DEFAULT')),
('Slice-Macro-Create','3','ActivateRANNssiBB',null,null,1.0,(SELECT id from northbound_request_ref_lookup WHERE MACRO_ACTION = 'Slice-Macro-create' and CLOUD_OWNER = 'DEFAULT')),
('Slice-Macro-modify','1','ModifyRANNssiBB',null,null,1.0,(SELECT id from northbound_request_ref_lookup WHERE MACRO_ACTION = 'Slice-Macro-modify' and CLOUD_OWNER = 'DEFAULT')),
('Slice-Macro-modify','2','ControllerExecutionBB','nssi','modify-sliceprofile',1.0,(SELECT id from northbound_request_ref_lookup WHERE MACRO_ACTION = 'Slice-Macro-modify' and CLOUD_OWNER = 'DEFAULT')),
('Slice-Macro-delete','2','DeleteRANNssiBB',null,null,1.0,(SELECT id from northbound_request_ref_lookup WHERE MACRO_ACTION = 'Slice-Macro-delete' and CLOUD_OWNER = 'DEFAULT')),
('Slice-Macro-delete','1','ControllerExecutionBB','nssi','delete-sliceprofile',1.0,(SELECT id from northbound_request_ref_lookup WHERE MACRO_ACTION = 'Slice-Macro-delete' and CLOUD_OWNER = 'DEFAULT'));
('PNF-Macro-Modify' , '1', 'AAISetPnfInMaintBB', NULL, NULL, 1.0,(SELECT id from northbound_request_ref_lookup WHERE MACRO_ACTION = 'PNF-Macro-Modify' and CLOUD_OWNER = 'DEFAULT')),
('PNF-Macro-Modify' , '2', 'ControllerExecutionBB',  'pnf' , 'modify-config-assign', 1.0,(SELECT id from northbound_request_ref_lookup WHERE MACRO_ACTION = 'PNF-Macro-Modify' and CLOUD_OWNER = 'DEFAULT')),
('PNF-Macro-Modify' , '3', 'WaitForPnfReadyBB', NULL, NULL, 1.0,(SELECT id from northbound_request_ref_lookup WHERE MACRO_ACTION = 'PNF-Macro-Modify' and CLOUD_OWNER = 'DEFAULT')),
('PNF-Macro-Modify' , '4', 'ControllerExecutionBB',  'pnf' , 'modify-config-deploy', 1.0,(SELECT id from northbound_request_ref_lookup WHERE MACRO_ACTION = 'PNF-Macro-Modify' and CLOUD_OWNER = 'DEFAULT')),
('PNF-Macro-Modify' , '5', 'ActivatePnfBB', NULL, NULL, 1.0,(SELECT id from northbound_request_ref_lookup WHERE MACRO_ACTION = 'PNF-Macro-Modify' and CLOUD_OWNER = 'DEFAULT')),

INSERT INTO rainy_day_handler_macro (FLOW_NAME, SERVICE_TYPE, VNF_TYPE, ERROR_CODE, WORK_STEP, POLICY, SECONDARY_POLICY, REG_EX_ERROR_MESSAGE, SERVICE_ROLE)
VALUES
('ActivateNetworkBB', '*', '*', '*', '*' , 'Rollback', 'Abort', '*', '*'),
('ActivateNetworkCollectionBB', '*', '*', '*', '*' , 'Rollback', 'Abort', '*', '*'),
('ActivateServiceInstanceBB', '*', '*', '*', '*' , 'Rollback', 'Abort', '*', '*'),
('ActivateVfModuleBB', '*', '*', '*', '*' , 'RollbackToAssigned', NULL, '*', '*'),
('ActivateVnfBB', '*', '*', '*', '*' , 'Rollback', 'Abort', '*', '*'),
('ActivateVolumeGroupBB', '*', '*', '*', '*' , 'Rollback', 'Abort', '*', '*'),
('AssignNetworkBB', '*', '*', '*', '*' , 'Rollback', 'Abort', '*', '*'),
('AssignServiceInstanceBB', '*', '*', '*', '*' , 'Rollback', 'Abort', '*', '*'),
('AssignVfModuleBB', '*', '*', '*', '*' , 'Rollback', 'Abort', '*', '*'),
('AssignVnfBB', '*', '*', '*', '*' , 'Rollback', 'Abort', '*', '*'),
('AssignVolumeGroupBB', '*', '*', '*', '*' , 'Rollback', 'Abort', '*', '*'),
('CreateNetworkBB', '*', '*', '*', '*' , 'Retry', 'Rollback', '*', '*'),
('CreateNetworkCollectionBB', '*', '*', '*', '*' , 'Retry', 'Rollback', '*', '*'),
('CreateVfModuleBB', '*', '*', '*', '*' , 'Retry', 'RollbackToAssigned', '*', '*'),
('CreateVolumeGroupBB', '*', '*', '*', '*' , 'Retry', 'Rollback', '*', '*'),
('ChangeModelServiceInstanceBB', '*', '*', '*', '*' , 'Abort', 'Abort', '*', '*'),
('ChangeModelVfModuleBB', '*', '*', '*', '*' , 'Abort', 'Abort', '*', '*'),
('ChangeModelVnfBB', '*', '*', '*', '*' , 'Abort', 'Abort', '*', '*'),
('CreateCustomerBB', '*', '*', '*', '*' , 'Abort', 'Abort', '*', '*'),
('DeactivateNetworkBB', '*', '*', '*', '*' , 'Abort', 'Abort', '*', '*'),
('DeactivateServiceInstanceBB', '*', '*', '*', '*' , 'Abort', 'Abort', '*', '*'),
('DeactivateVfModuleBB', '*', '*', '*', '*' , 'Abort', 'Abort', '*', '*'),
('DeactivateVnfBB', '*', '*', '*', '*' , 'Abort', 'Abort', '*', '*'),
('DeactivateVolumeGroupBB', '*', '*', '*', '*' , 'Abort', 'Abort', '*', '*'),
('DeleteNetworkBB', '*', '*', '*', '*' , 'Retry', 'Abort', '*', '*'),
('DeleteNetworkCollectionBB', '*', '*', '*', '*' , 'Retry', 'Abort', '*', '*'),
('DeleteVfModuleBB', '*', '*', '*', '*' , 'Retry', 'Abort', '*', '*'),
('DeleteVolumeGroupBB', '*', '*', '*', '*' , 'Retry', 'Abort', '*', '*'),
('UnassignNetworkBB', '*', '*', '*', '*' , 'Retry', 'Abort', '*', '*'),
('UnassignServiceInstanceBB', '*', '*', '*', '*' , 'Retry', 'Abort', '*', '*'),
('UnassignVfModuleBB', '*', '*', '*', '*' , 'Retry', 'Abort', '*', '*'),
('UnassignVnfBB', '*', '*', '*', '*' , 'Retry', 'Abort', '*', '*'),
('UnassignVolumeGroupBB', '*', '*', '*', '*' , 'Retry', 'Abort', '*', '*'),
('UpdateNetworkBB', '*', '*', '*', '*' , 'Retry', 'Rollback', '*', '*'),
('VnfAdapterBB', '*', '*', '*', '*' , 'Retry', 'Rollback', '*', '*'),
('AAICheckVnfInMaintBB', '*', '*', '*', '*' , 'Abort', 'Abort', '*', '*'),
('AAISetVnfInMaintBB', '*', '*', '*', '*' , 'Abort', 'Abort', '*', '*'),
('AAIUnsetVnfInMaintBB', '*', '*', '*', '*' , 'Abort', 'Abort', '*', '*'),
('ConfigDeployVnfBB', '*', '*', '*', '*' , 'Retry', NULL, '*', '*'),
('GenericVnfHealthCheckBB', '*', '*', '*', "*" , 'Retry', NULL, '*', '*'),
('ConfigurationScaleOutBB', '*', '*', '*', "*" , 'Retry', NULL, '*', '*'),
('VNFCheckPserversLockedFlagActivity','*','*','*','*','Rollback','Abort','*', '*'),
('VNFCheckInMaintFlagActivity','*','*','*','*','Rollback','Abort','*', '*'),
('VNFSetInMaintFlagActivity','*','*','*','*','Rollback','Abort','*', '*'),
('VNFCheckClosedLoopDisabledFlagActivity','*','*','*','*','Rollback','Abort','*', '*'),
('VNFSetClosedLoopDisabledFlagActivity','*','*','*','*','Rollback','Abort','*', '*'),
('VNFLockActivity','*','*','*','*','Rollback','Abort','*', '*'),
('VNFUpgradePreCheckActivity','*','*','*','*','Rollback','Abort','*', '*'),
('VNFQuiesceTrafficActivity','*','*','*','*','Rollback','Abort','*', '*'),
('VNFStopActivity','*','*','*','*','Rollback','Abort','*', '*'),
('VNFSnapShotActivity','*','*','*','*','Manual','Abort','*', '*'),
('VNFStartActivity','*','*','*','*','Manual','Abort','*', '*'),
('VNFUpgradeBackupActivity','*','*','*','*','Manual','Abort','*', '*'),
('VNFUpgradeSoftwareActivity','*','*','*','*','Manual','Abort','*', '*'),
('VNFUpgradePostCheckActivity','*','*','*','*','Manual','Abort','*', '*'),
('VNFResumeTrafficActivity','*','*','*','*','Manual','Abort','*', '*'),
('VNFUnlockActivity','*','*','*','*','Manual','Abort','*', '*'),
('SDNOVnfHealthCheckBB','*','*','*','*','Manual','Abort','*', '*'),
('VNFHealthCheckActivity','*','*','*','*','Manual','Abort','*', '*'),
('VNFConfigModifyActivity','*','*','*','*','Manual','Abort','*', '*'),
('VNFUnsetInMaintFlagActivity','*','*','*','*','Manual','Abort','*', '*'),
('VNFUnsetClosedLoopDisabledActivity','*','*','*','*','Manual','Abort','*', '*'),
('DeleteChildServiceBB', '*', '*', '*', '*', 'Rollback', 'Abort', '*', '*'),
('CreateChildServiceBB', '*', '*', '*', '*', 'Rollback', 'Abort', '*', '*'),
('UpgradeVfModuleBB', '*', '*', '*', '*', 'Rollback', 'Abort', '*', '*'),
('CnfDeleteBB', '*', '*', '*', '*' , 'Abort', 'Abort', '*', '*');

INSERT INTO building_block_detail (building_block_name, resource_type, target_action)
VALUES
('AssignServiceInstanceBB', 'SERVICE', 'ASSIGN'),
('AssignVnfBB', 'VNF', 'ASSIGN'),
('AssignVolumeGroupBB', 'VOLUME_GROUP', 'ASSIGN'),
('AssignVfModuleBB', 'VF_MODULE', 'ASSIGN'),
('AssignNetworkBB', 'NETWORK', 'ASSIGN'),
('AssignPnfBB', 'NO_VALIDATE', 'ASSIGN'),

('UnassignServiceInstanceBB', 'SERVICE', 'UNASSIGN'),
('UnassignVnfBB', 'VNF', 'UNASSIGN'),
('UnassignVolumeGroupBB', 'VOLUME_GROUP', 'UNASSIGN'),
('UnassignNetworkBB', 'NETWORK', 'UNASSIGN'),
('UnassignPnfBB', 'NO_VALIDATE', 'UNASSIGN'),

('ActivateServiceInstanceBB', 'SERVICE', 'ACTIVATE'),
('ActivateVnfBB', 'VNF', 'ACTIVATE'),
('ActivateVolumeGroupBB', 'VOLUME_GROUP', 'ACTIVATE'),
('ActivateVfModuleBB', 'VF_MODULE', 'ACTIVATE'),
('ActivateNetworkBB', 'NETWORK', 'ACTIVATE'),
('ActivateNetworkCollectionBB', 'NETWORK_COLLECTION', 'ACTIVATE'),
('ActivatePnfBB', 'NO_VALIDATE', 'ACTIVATE'),

('DeactivateServiceInstanceBB', 'SERVICE', 'DEACTIVATE'),
('DeactivateVnfBB', 'VNF', 'DEACTIVATE'),
('DeactivateVolumeGroupBB', 'VOLUME_GROUP', 'DEACTIVATE'),
('DeactivateVfModuleBB', 'VF_MODULE', 'DEACTIVATE'),
('DeactivateNetworkBB', 'NETWORK', 'DEACTIVATE'),
('DeactivatePnfBB', 'NO_VALIDATE', 'DEACTIVATE'),


('ChangeModelServiceInstanceBB', 'SERVICE', 'CHANGE_MODEL'),
('ChangeModelVnfBB', 'VNF', 'CHANGE_MODEL'),
('ChangeModelVfModuleBB', 'VF_MODULE', 'CHANGE_MODEL'),


('CreateVolumeGroupBB', 'VOLUME_GROUP', 'CREATE'),
('CreateVfModuleBB', 'VF_MODULE', 'CREATE'),
('CreateNetworkBB', 'NETWORK', 'CREATE'),
('CreateNetworkCollectionBB', 'NETWORK_COLLECTION', 'CREATE'),
('CreateChildServiceBB', 'NO_VALIDATE', 'CUSTOM'),

('DeleteVolumeGroupBB', 'VOLUME_GROUP', 'DELETE'),
('DeleteVfModuleBB', 'VF_MODULE', 'DELETE'),
('DeleteNetworkBB', 'NETWORK', 'DELETE'),
('DeleteNetworkCollectionBB', 'NETWORK_COLLECTION', 'DELETE'),
('DeleteChildServiceBB', 'NO_VALIDATE', 'CUSTOM'),

('ConfigurationScaleOutBB', 'NO_VALIDATE', 'CUSTOM'),
('GenericVnfHealthCheckBB', 'NO_VALIDATE', 'CUSTOM'),

('WaitForPnfReadyBB', 'NO_VALIDATE', 'CUSTOM'),

('UnassignVfModuleBB', 'VF_MODULE', 'UNASSIGN'),
('SniroHoming', 'NO_VALIDATE', 'CUSTOM'),
('DeactivateAndUnassignVpnBondingLinksBB', 'NO_VALIDATE', 'CUSTOM'),
('DeactivateNetworkCollectionBB', 'NETWORK_COLLECTION', 'DEACTIVATE'),
('AAICheckVnfInMaintBB', 'NO_VALIDATE', 'CUSTOM'),
('AAISetVnfInMaintBB', 'NO_VALIDATE', 'CUSTOM'),
('AAISetPnfInMaintBB', 'NO_VALIDATE', 'CUSTOM'),
('AAIUnsetVnfInMaintBB', 'NO_VALIDATE', 'CUSTOM'),
('SDNOVnfHealthCheckBB', 'NO_VALIDATE', 'CUSTOM'),
('VNF-Macro-Replace', 'NO_VALIDATE', 'CUSTOM'),
('HomingBB', 'NO_VALIDATE', 'CUSTOM'),
('UpdateNetworkBB','NETWORK','UPDATE'),
('VNFSetInMaintFlagActivity', 'NO_VALIDATE', 'CUSTOM'),
('VNFCheckPserversLockedFlagActivity', 'NO_VALIDATE', 'CUSTOM'),
('VNFCheckInMaintFlagActivity', 'NO_VALIDATE', 'CUSTOM'),
('VNFCheckClosedLoopDisabledFlagActivity', 'NO_VALIDATE', 'CUSTOM'),
('VNFSetClosedLoopDisabledFlagActivity', 'NO_VALIDATE', 'CUSTOM'),
('VNFUnsetClosedLoopDisabledFlagActivity', 'NO_VALIDATE', 'CUSTOM'),
('VNFLockActivity', 'NO_VALIDATE', 'CUSTOM'),
('VNFUnlockActivity', 'NO_VALIDATE', 'CUSTOM'),
('VNFStopActivity', 'NO_VALIDATE', 'CUSTOM'),
('VNFStartActivity', 'NO_VALIDATE', 'CUSTOM'),
('VNFSnapShotActivity', 'NO_VALIDATE', 'CUSTOM'),
('FlowCompleteActivity', 'NO_VALIDATE', 'CUSTOM'),
('PauseForManualTaskActivity', 'NO_VALIDATE', 'CUSTOM'),
('DistributeTrafficActivity', 'NO_VALIDATE', 'CUSTOM'),
('DistributeTrafficCheckActivity', 'NO_VALIDATE', 'CUSTOM'),
('VNFHealthCheckActivity', 'NO_VALIDATE', 'CUSTOM'),
('VNFQuiesceTrafficActivity', 'NO_VALIDATE', 'CUSTOM'),
('VNFResumeTrafficActivity', 'NO_VALIDATE', 'CUSTOM'),
('VNFUnsetInMaintFlagActivity', 'NO_VALIDATE', 'CUSTOM'),
('VNFUpgradeBackupActivity', 'NO_VALIDATE', 'CUSTOM'),
('VNFUpgradePostCheckActivity', 'NO_VALIDATE', 'CUSTOM'),
('VNFUpgradePreCheckActivity', 'NO_VALIDATE', 'CUSTOM'),
('VNFUpgradeSoftwareActivity', 'NO_VALIDATE', 'CUSTOM'),
('VnfInPlaceSoftwareUpdate', 'NO_VALIDATE', 'CUSTOM'),
('VNFConfigModifyActivity', 'NO_VALIDATE', 'CUSTOM'),
('ConfigAssignVnfBB', 'NO_VALIDATE', 'CUSTOM'),
('ConfigDeployVnfBB', 'NO_VALIDATE', 'CUSTOM'),
('ControllerExecutionBB', 'NO_VALIDATE', 'CUSTOM'),
('StatusCheckBB', 'NO_VALIDATE', 'CUSTOM'),
('HealthCheckBB', 'NO_VALIDATE', 'CUSTOM'),
('UpgradeVfModuleBB', 'NO_VALIDATE', 'CUSTOM'),
('VfModuleUpgradeStatusBB', 'NO_VALIDATE', 'CUSTOM'),
('CnfInstantiateBB', 'CNF', 'ACTIVATE'),
('CnfDeleteBB', 'CNF', 'DEACTIVATE'),

('AssignRANNssiBB','NO_VALIDATE','CUSTOM'),
('ActivateRANNssiBB','NO_VALIDATE','CUSTOM'),
('ModifyRANNssiBB','NO_VALIDATE','CUSTOM'),
('DeleteRANNssiBB','NO_VALIDATE','CUSTOM');


INSERT INTO orchestration_status_state_transition_directive (resource_type, orchestration_status, target_action, flow_directive)
VALUES

('SERVICE', 'PRECREATED', 'ASSIGN', 'CONTINUE'),
('VNF', 'PRECREATED', 'ASSIGN', 'CONTINUE'),
('VOLUME_GROUP', 'PRECREATED', 'ASSIGN', 'CONTINUE'),
('VF_MODULE', 'PRECREATED', 'ASSIGN', 'CONTINUE'),
('NETWORK', 'PRECREATED', 'ASSIGN', 'CONTINUE'),

('SERVICE', 'INVENTORIED', 'ASSIGN', 'CONTINUE'),
('VNF', 'INVENTORIED', 'ASSIGN', 'CONTINUE'),
('VOLUME_GROUP', 'INVENTORIED', 'ASSIGN', 'FAIL'),
('VF_MODULE', 'INVENTORIED', 'ASSIGN', 'CONTINUE'),
('NETWORK', 'INVENTORIED', 'ASSIGN', 'CONTINUE'),

('SERVICE', 'ASSIGNED', 'ASSIGN', 'SILENT_SUCCESS'),
('VNF', 'ASSIGNED', 'ASSIGN', 'SILENT_SUCCESS'),
('VOLUME_GROUP', 'ASSIGNED', 'ASSIGN', 'SILENT_SUCCESS'),
('VF_MODULE', 'ASSIGNED', 'ASSIGN', 'SILENT_SUCCESS'),
('NETWORK', 'ASSIGNED', 'ASSIGN', 'SILENT_SUCCESS'),

('SERVICE', 'CREATED', 'ASSIGN', 'SILENT_SUCCESS'),
('VNF', 'CREATED', 'ASSIGN', 'CONTINUE'),
('VOLUME_GROUP', 'CREATED', 'ASSIGN', 'FAIL'),
('VF_MODULE', 'CREATED', 'ASSIGN', 'SILENT_SUCCESS'),
('NETWORK', 'CREATED', 'ASSIGN', 'SILENT_SUCCESS'),

('SERVICE', 'ACTIVE', 'ASSIGN', 'SILENT_SUCCESS'),
('VNF', 'ACTIVE', 'ASSIGN', 'SILENT_SUCCESS'),
('VOLUME_GROUP', 'ACTIVE', 'ASSIGN', 'SILENT_SUCCESS'),
('VF_MODULE', 'ACTIVE', 'ASSIGN', 'SILENT_SUCCESS'),
('NETWORK', 'ACTIVE', 'ASSIGN', 'SILENT_SUCCESS'),

('SERVICE', 'PENDING_CREATE', 'ASSIGN', 'FAIL'),
('VNF', 'PENDING_CREATE', 'ASSIGN', 'FAIL'),
('VOLUME_GROUP', 'PENDING_CREATE', 'ASSIGN', 'FAIL'),
('VF_MODULE', 'PENDING_CREATE', 'ASSIGN', 'CONTINUE'),
('NETWORK', 'PENDING_CREATE', 'ASSIGN', 'SILENT_SUCCESS'),

('SERVICE', 'PENDING_DELETE', 'ASSIGN', 'SILENT_SUCCESS'),
('VNF', 'PENDING_DELETE', 'ASSIGN', 'SILENT_SUCCESS'),
('VOLUME_GROUP', 'PENDING_DELETE', 'ASSIGN', 'FAIL'),
('VF_MODULE', 'PENDING_DELETE', 'ASSIGN', 'SILENT_SUCCESS'),
('NETWORK', 'PENDING_DELETE', 'ASSIGN', 'SILENT_SUCCESS'),

('SERVICE', 'PENDING_ACTIVATION', 'ASSIGN', 'FAIL'),
('VNF', 'PENDING_ACTIVATION', 'ASSIGN', 'FAIL'),
('VOLUME_GROUP', 'PENDING_ACTIVATION', 'ASSIGN', 'FAIL'),
('VF_MODULE', 'PENDING_ACTIVATION', 'ASSIGN', 'SILENT_SUCCESS'),
('NETWORK', 'PENDING_ACTIVATION', 'ASSIGN', 'FAIL'),

('SERVICE', 'PENDING', 'ASSIGN', 'FAIL'),
('VNF', 'PENDING', 'ASSIGN', 'FAIL'),
('VOLUME_GROUP', 'PENDING', 'ASSIGN', 'SILENT_SUCCESS'),
('VF_MODULE', 'PENDING', 'ASSIGN', 'FAIL'),
('NETWORK', 'PENDING', 'ASSIGN', 'FAIL'),


('SERVICE', 'PRECREATED', 'UNASSIGN', 'SILENT_SUCCESS'),
('VNF', 'PRECREATED', 'UNASSIGN', 'SILENT_SUCCESS'),
('VOLUME_GROUP', 'PRECREATED', 'UNASSIGN', 'SILENT_SUCCESS'),
('VF_MODULE', 'PRECREATED', 'UNASSIGN', 'SILENT_SUCCESS'),
('NETWORK', 'PRECREATED', 'UNASSIGN', 'SILENT_SUCCESS'),

('SERVICE', 'INVENTORIED', 'UNASSIGN', 'CONTINUE'),
('VNF', 'INVENTORIED', 'UNASSIGN', 'CONTINUE'),
('VOLUME_GROUP', 'INVENTORIED', 'UNASSIGN', 'FAIL'),
('VF_MODULE', 'INVENTORIED', 'UNASSIGN', 'CONTINUE'),
('NETWORK', 'INVENTORIED', 'UNASSIGN', 'CONTINUE'),

('SERVICE', 'ASSIGNED', 'UNASSIGN', 'CONTINUE'),
('VNF', 'ASSIGNED', 'UNASSIGN', 'CONTINUE'),
('VOLUME_GROUP', 'ASSIGNED', 'UNASSIGN', 'CONTINUE'),
('VF_MODULE', 'ASSIGNED', 'UNASSIGN', 'CONTINUE'),
('NETWORK', 'ASSIGNED', 'UNASSIGN', 'CONTINUE'),

('SERVICE', 'CREATED', 'UNASSIGN', 'CONTINUE'),
('VNF', 'CREATED', 'UNASSIGN', 'CONTINUE'),
('VOLUME_GROUP', 'CREATED', 'UNASSIGN', 'FAIL'),
('VF_MODULE', 'CREATED', 'UNASSIGN', 'FAIL'),
('NETWORK', 'CREATED', 'UNASSIGN', 'FAIL'),

('SERVICE', 'ACTIVE', 'UNASSIGN', 'FAIL'),
('VNF', 'ACTIVE', 'UNASSIGN', 'FAIL'),
('VOLUME_GROUP', 'ACTIVE', 'UNASSIGN', 'FAIL'),
('VF_MODULE', 'ACTIVE', 'UNASSIGN', 'FAIL'),
('NETWORK', 'ACTIVE', 'UNASSIGN', 'FAIL'),

('SERVICE', 'PENDING_CREATE', 'UNASSIGN', 'FAIL'),
('VNF', 'PENDING_CREATE', 'UNASSIGN', 'FAIL'),
('VOLUME_GROUP', 'PENDING_CREATE', 'UNASSIGN', 'FAIL'),
('VF_MODULE', 'PENDING_CREATE', 'UNASSIGN', 'CONTINUE'),
('NETWORK', 'PENDING_CREATE', 'UNASSIGN', 'CONTINUE'),

('SERVICE', 'PENDING_DELETE', 'UNASSIGN', 'CONTINUE'),
('VNF', 'PENDING_DELETE', 'UNASSIGN', 'CONTINUE'),
('VOLUME_GROUP', 'PENDING_DELETE', 'UNASSIGN', 'FAIL'),
('VF_MODULE', 'PENDING_DELETE', 'UNASSIGN', 'CONTINUE'),
('NETWORK', 'PENDING_DELETE', 'UNASSIGN', 'CONTINUE'),

('SERVICE', 'PENDING_ACTIVATION', 'UNASSIGN', 'FAIL'),
('VNF', 'PENDING_ACTIVATION', 'UNASSIGN', 'FAIL'),
('VOLUME_GROUP', 'PENDING_ACTIVATION', 'UNASSIGN', 'FAIL'),
('VF_MODULE', 'PENDING_ACTIVATION', 'UNASSIGN', 'CONTINUE'),
('NETWORK', 'PENDING_ACTIVATION', 'UNASSIGN', 'FAIL'),

('SERVICE', 'PENDING', 'UNASSIGN', 'FAIL'),
('VNF', 'PENDING', 'UNASSIGN', 'FAIL'),
('VOLUME_GROUP', 'PENDING', 'UNASSIGN', 'CONTINUE'),
('VF_MODULE', 'PENDING', 'UNASSIGN', 'FAIL'),
('NETWORK', 'PENDING', 'UNASSIGN', 'FAIL'),


('SERVICE', 'PRECREATED', 'ACTIVATE', 'FAIL'),
('VNF', 'PRECREATED', 'ACTIVATE', 'FAIL'),
('VOLUME_GROUP', 'PRECREATED', 'ACTIVATE', 'FAIL'),
('VF_MODULE', 'PRECREATED', 'ACTIVATE', 'FAIL'),
('NETWORK', 'PRECREATED', 'ACTIVATE', 'FAIL'),

('SERVICE', 'INVENTORIED', 'ACTIVATE', 'FAIL'),
('VNF', 'INVENTORIED', 'ACTIVATE', 'FAIL'),
('VOLUME_GROUP', 'INVENTORIED', 'ACTIVATE', 'FAIL'),
('VF_MODULE', 'INVENTORIED', 'ACTIVATE', 'FAIL'),
('NETWORK', 'INVENTORIED', 'ACTIVATE', 'FAIL'),

('SERVICE', 'ASSIGNED', 'ACTIVATE', 'CONTINUE'),
('VNF', 'ASSIGNED', 'ACTIVATE', 'CONTINUE'),
('VOLUME_GROUP', 'ASSIGNED', 'ACTIVATE', 'FAIL'),
('VF_MODULE', 'ASSIGNED', 'ACTIVATE', 'FAIL'),
('NETWORK', 'ASSIGNED', 'ACTIVATE', 'FAIL'),

('SERVICE', 'CREATED', 'ACTIVATE', 'CONTINUE'),
('VNF', 'CREATED', 'ACTIVATE', 'FAIL'),
('VOLUME_GROUP', 'CREATED', 'ACTIVATE', 'CONTINUE'),
('VF_MODULE', 'CREATED', 'ACTIVATE', 'CONTINUE'),
('NETWORK', 'CREATED', 'ACTIVATE', 'CONTINUE'),

('SERVICE', 'ACTIVE', 'ACTIVATE', 'SILENT_SUCCESS'),
('VNF', 'ACTIVE', 'ACTIVATE', 'SILENT_SUCCESS'),
('VOLUME_GROUP', 'ACTIVE', 'ACTIVATE', 'SILENT_SUCCESS'),
('VF_MODULE', 'ACTIVE', 'ACTIVATE', 'SILENT_SUCCESS'),
('NETWORK', 'ACTIVE', 'ACTIVATE', 'SILENT_SUCCESS'),

('SERVICE', 'PENDING_CREATE', 'ACTIVATE', 'FAIL'),
('VNF', 'PENDING_CREATE', 'ACTIVATE', 'FAIL'),
('VOLUME_GROUP', 'PENDING_CREATE', 'ACTIVATE', 'FAIL'),
('VF_MODULE', 'PENDING_CREATE', 'ACTIVATE', 'FAIL'),
('NETWORK', 'PENDING_CREATE', 'ACTIVATE', 'FAIL'),

('SERVICE', 'PENDING_DELETE', 'ACTIVATE', 'CONTINUE'),
('VNF', 'PENDING_DELETE', 'ACTIVATE', 'CONTINUE'),
('VOLUME_GROUP', 'PENDING_DELETE', 'ACTIVATE', 'FAIL'),
('VF_MODULE', 'PENDING_DELETE', 'ACTIVATE', 'FAIL'),
('NETWORK', 'PENDING_DELETE', 'ACTIVATE', 'FAIL'),

('SERVICE', 'PENDING_ACTIVATION', 'ACTIVATE', 'FAIL'),
('VNF', 'PENDING_ACTIVATION', 'ACTIVATE', 'FAIL'),
('VOLUME_GROUP', 'PENDING_ACTIVATION', 'ACTIVATE', 'FAIL'),
('VF_MODULE', 'PENDING_ACTIVATION', 'ACTIVATE', 'SILENT_SUCCESS'),
('NETWORK', 'PENDING_ACTIVATION', 'ACTIVATE', 'FAIL'),

('SERVICE', 'PENDING', 'ACTIVATE', 'FAIL'),
('VNF', 'PENDING', 'ACTIVATE', 'FAIL'),
('VOLUME_GROUP', 'PENDING', 'ACTIVATE', 'FAIL'),
('VF_MODULE', 'PENDING', 'ACTIVATE', 'FAIL'),
('NETWORK', 'PENDING', 'ACTIVATE', 'FAIL'),

('SERVICE', 'PRECREATED', 'DEACTIVATE', 'FAIL'),
('VNF', 'PRECREATED', 'DEACTIVATE', 'FAIL'),
('VOLUME_GROUP', 'PRECREATED', 'DEACTIVATE', 'FAIL'),
('VF_MODULE', 'PRECREATED', 'DEACTIVATE', 'FAIL'),
('NETWORK', 'PRECREATED', 'DEACTIVATE', 'FAIL'),

('SERVICE', 'INVENTORIED', 'DEACTIVATE', 'FAIL'),
('VNF', 'INVENTORIED', 'DEACTIVATE', 'SILENT_SUCCESS'),
('VOLUME_GROUP', 'INVENTORIED', 'DEACTIVATE', 'FAIL'),
('VF_MODULE', 'INVENTORIED', 'DEACTIVATE', 'SILENT_SUCCESS'),
('NETWORK', 'INVENTORIED', 'DEACTIVATE', 'SILENT_SUCCESS'),

('SERVICE', 'ASSIGNED', 'DEACTIVATE', 'SILENT_SUCCESS'),
('VNF', 'ASSIGNED', 'DEACTIVATE', 'SILENT_SUCCESS'),
('VOLUME_GROUP', 'ASSIGNED', 'DEACTIVATE', 'SILENT_SUCCESS'),
('VF_MODULE', 'ASSIGNED', 'DEACTIVATE', 'SILENT_SUCCESS'),
('NETWORK', 'ASSIGNED', 'DEACTIVATE', 'SILENT_SUCCESS'),

('SERVICE', 'CREATED', 'DEACTIVATE', 'SILENT_SUCCESS'),
('VNF', 'CREATED', 'DEACTIVATE', 'SILENT_SUCCESS'),
('VOLUME_GROUP', 'CREATED', 'DEACTIVATE', 'SILENT_SUCCESS'),
('VF_MODULE', 'CREATED', 'DEACTIVATE', 'SILENT_SUCCESS'),
('NETWORK', 'CREATED', 'DEACTIVATE', 'SILENT_SUCCESS'),

('SERVICE', 'ACTIVE', 'DEACTIVATE', 'CONTINUE'),
('VNF', 'ACTIVE', 'DEACTIVATE', 'CONTINUE'),
('VOLUME_GROUP', 'ACTIVE', 'DEACTIVATE', 'CONTINUE'),
('VF_MODULE', 'ACTIVE', 'DEACTIVATE', 'CONTINUE'),
('NETWORK', 'ACTIVE', 'DEACTIVATE', 'CONTINUE'),

('SERVICE', 'PENDING_CREATE', 'DEACTIVATE', 'FAIL'),
('VNF', 'PENDING_CREATE', 'DEACTIVATE', 'FAIL'),
('VOLUME_GROUP', 'PENDING_CREATE', 'DEACTIVATE', 'FAIL'),
('VF_MODULE', 'PENDING_CREATE', 'DEACTIVATE', 'SILENT_SUCCESS'),
('NETWORK', 'PENDING_CREATE', 'DEACTIVATE', 'SILENT_SUCCESS'),

('SERVICE', 'PENDING_DELETE', 'DEACTIVATE', 'SILENT_SUCCESS'),
('VNF', 'PENDING_DELETE', 'DEACTIVATE', 'SILENT_SUCCESS'),
('VOLUME_GROUP', 'PENDING_DELETE', 'DEACTIVATE', 'FAIL'),
('VF_MODULE', 'PENDING_DELETE', 'DEACTIVATE', 'SILENT_SUCCESS'),
('NETWORK', 'PENDING_DELETE', 'DEACTIVATE', 'SILENT_SUCCESS'),

('SERVICE', 'PENDING_ACTIVATION', 'DEACTIVATE', 'FAIL'),
('VNF', 'PENDING_ACTIVATION', 'DEACTIVATE', 'FAIL'),
('VOLUME_GROUP', 'PENDING_ACTIVATION', 'DEACTIVATE', 'FAIL'),
('VF_MODULE', 'PENDING_ACTIVATION', 'DEACTIVATE', 'SILENT_SUCCESS'),
('NETWORK', 'PENDING_ACTIVATION', 'DEACTIVATE', 'FAIL'),

('SERVICE', 'PENDING', 'DEACTIVATE', 'FAIL'),
('VNF', 'PENDING', 'DEACTIVATE', 'FAIL'),
('VOLUME_GROUP', 'PENDING', 'DEACTIVATE', 'SILENT_SUCCESS'),
('VF_MODULE', 'PENDING', 'DEACTIVATE', 'FAIL'),
('NETWORK', 'PENDING', 'DEACTIVATE', 'FAIL'),


('SERVICE', 'PRECREATED', 'CHANGE_MODEL', 'FAIL'),
('VNF', 'PRECREATED', 'CHANGE_MODEL', 'FAIL'),
('VF_MODULE', 'PRECREATED', 'CHANGE_MODEL', 'FAIL'),

('SERVICE', 'INVENTORIED', 'CHANGE_MODEL', 'FAIL'),
('VNF', 'INVENTORIED', 'CHANGE_MODEL', 'FAIL'),
('VF_MODULE', 'INVENTORIED', 'CHANGE_MODEL', 'FAIL'),

('SERVICE', 'ASSIGNED', 'CHANGE_MODEL', 'FAIL'),
('VNF', 'ASSIGNED', 'CHANGE_MODEL', 'CONTINUE'),
('VF_MODULE', 'ASSIGNED', 'CHANGE_MODEL', 'CONTINUE'),

('SERVICE', 'CREATED', 'CHANGE_MODEL', 'FAIL'),
('VNF', 'CREATED', 'CHANGE_MODEL', 'FAIL'),
('VF_MODULE', 'CREATED', 'CHANGE_MODEL', 'FAIL'),

('SERVICE', 'ACTIVE', 'CHANGE_MODEL', 'CONTINUE'),
('VNF', 'ACTIVE', 'CHANGE_MODEL', 'CONTINUE'),
('VF_MODULE', 'ACTIVE', 'CHANGE_MODEL', 'CONTINUE'),

('SERVICE', 'PENDING_CREATE', 'CHANGE_MODEL', 'FAIL'),
('VNF', 'PENDING_CREATE', 'CHANGE_MODEL', 'FAIL'),
('VF_MODULE', 'PENDING_CREATE', 'CHANGE_MODEL', 'FAIL'),

('SERVICE', 'PENDING_DELETE', 'CHANGE_MODEL', 'FAIL'),
('VNF', 'PENDING_DELETE', 'CHANGE_MODEL', 'CONTINUE'),
('VF_MODULE', 'PENDING_DELETE', 'CHANGE_MODEL', 'CONTINUE'),

('SERVICE', 'PENDING_ACTIVATION', 'CHANGE_MODEL', 'FAIL'),
('VNF', 'PENDING_ACTIVATION', 'CHANGE_MODEL', 'CONTINUE'),
('VF_MODULE', 'PENDING_ACTIVATION', 'CHANGE_MODEL', 'CONTINUE'),

('SERVICE', 'PENDING', 'CHANGE_MODEL', 'FAIL'),
('VNF', 'PENDING', 'CHANGE_MODEL', 'FAIL'),
('VF_MODULE', 'PENDING', 'CHANGE_MODEL', 'FAIL'),

('VOLUME_GROUP', 'PRECREATED', 'CREATE', 'FAIL'),
('VF_MODULE', 'PRECREATED', 'CREATE', 'FAIL'),
('NETWORK', 'PRECREATED', 'CREATE', 'FAIL'),

('VOLUME_GROUP', 'INVENTORIED', 'CREATE', 'FAIL'),
('VF_MODULE', 'INVENTORIED', 'CREATE', 'FAIL'),
('NETWORK', 'INVENTORIED', 'CREATE', 'FAIL'),

('VOLUME_GROUP', 'ASSIGNED', 'CREATE', 'CONTINUE'),
('VF_MODULE', 'ASSIGNED', 'CREATE', 'CONTINUE'),
('NETWORK', 'ASSIGNED', 'CREATE', 'CONTINUE'),

('VOLUME_GROUP', 'CREATED', 'CREATE', 'SILENT_SUCCESS'),
('VF_MODULE', 'CREATED', 'CREATE', 'SILENT_SUCCESS'),
('NETWORK', 'CREATED', 'CREATE', 'SILENT_SUCCESS'),

('VOLUME_GROUP', 'ACTIVE', 'CREATE', 'SILENT_SUCCESS'),
('VF_MODULE', 'ACTIVE', 'CREATE', 'SILENT_SUCCESS'),
('NETWORK', 'ACTIVE', 'CREATE', 'SILENT_SUCCESS'),

('VOLUME_GROUP', 'PENDING_CREATE', 'CREATE', 'FAIL'),
('VF_MODULE', 'PENDING_CREATE', 'CREATE', 'FAIL'),
('NETWORK', 'PENDING_CREATE', 'CREATE', 'CONTINUE'),

('VOLUME_GROUP', 'PENDING_DELETE', 'CREATE', 'FAIL'),
('VF_MODULE', 'PENDING_DELETE', 'CREATE', 'CONTINUE'),
('NETWORK', 'PENDING_DELETE', 'CREATE', 'CONTINUE'),

('VOLUME_GROUP', 'PENDING_ACTIVATION', 'CREATE', 'FAIL'),
('VF_MODULE', 'PENDING_ACTIVATION', 'CREATE', 'SILENT_SUCCESS'),
('NETWORK', 'PENDING_ACTIVATION', 'CREATE', 'FAIL'),

('VOLUME_GROUP', 'PENDING', 'CREATE', 'CONTINUE'),
('VF_MODULE', 'PENDING', 'CREATE', 'FAIL'),
('NETWORK', 'PENDING', 'CREATE', 'FAIL'),


('VOLUME_GROUP', 'PRECREATED', 'DELETE', 'FAIL'),
('VF_MODULE', 'PRECREATED', 'DELETE', 'FAIL'),
('NETWORK', 'PRECREATED', 'DELETE', 'FAIL'),

('VOLUME_GROUP', 'INVENTORIED', 'DELETE', 'FAIL'),
('VF_MODULE', 'INVENTORIED', 'DELETE', 'SILENT_SUCCESS'),
('NETWORK', 'INVENTORIED', 'DELETE', 'SILENT_SUCCESS'),

('VOLUME_GROUP', 'ASSIGNED', 'DELETE', 'CONTINUE'),
('VF_MODULE', 'ASSIGNED', 'DELETE', 'CONTINUE'),
('NETWORK', 'ASSIGNED', 'DELETE', 'CONTINUE'),

('VOLUME_GROUP', 'CREATED', 'DELETE', 'CONTINUE'),
('VF_MODULE', 'CREATED', 'DELETE', 'CONTINUE'),
('NETWORK', 'CREATED', 'DELETE', 'CONTINUE'),

('VOLUME_GROUP', 'ACTIVE', 'DELETE', 'FAIL'),
('VF_MODULE', 'ACTIVE', 'DELETE', 'FAIL'),
('NETWORK', 'ACTIVE', 'DELETE', 'FAIL'),

('VOLUME_GROUP', 'PENDING_CREATE', 'DELETE', 'FAIL'),
('VF_MODULE', 'PENDING_CREATE', 'DELETE', 'SILENT_SUCCESS'),
('NETWORK', 'PENDING_CREATE', 'DELETE', 'SILENT_SUCCESS'),

('VOLUME_GROUP', 'PENDING_DELETE', 'DELETE', 'FAIL'),
('VF_MODULE', 'PENDING_DELETE', 'DELETE', 'SILENT_SUCCESS'),
('NETWORK', 'PENDING_DELETE', 'DELETE', 'SILENT_SUCCESS'),

('VOLUME_GROUP', 'PENDING_ACTIVATION', 'DELETE', 'FAIL'),
('VF_MODULE', 'PENDING_ACTIVATION', 'DELETE', 'SILENT_SUCCESS'),
('NETWORK', 'PENDING_ACTIVATION', 'DELETE', 'FAIL'),

('VOLUME_GROUP', 'PENDING', 'DELETE', 'SILENT_SUCCESS'),
('VF_MODULE', 'PENDING', 'DELETE', 'FAIL'),
('NETWORK', 'PENDING', 'DELETE', 'FAIL'),

('VNF', 'CONFIGURED', 'ACTIVATE', 'CONTINUE'),
('VNF', 'CONFIGURED', 'UNASSIGN', 'CONTINUE'),
('VNF', 'CONFIGURED', 'DEACTIVATE', 'SILENT_SUCCESS'),

('VNF', 'CONFIGURE', 'UNASSIGN', 'CONTINUE'),
('VNF', 'CONFIGURE', 'DEACTIVATE', 'SILENT_SUCCESS'),

('VNF', 'CONFIGASSIGNED', 'UNASSIGN', 'CONTINUE'),
('VNF', 'CONFIGASSIGNED', 'DEACTIVATE', 'SILENT_SUCCESS'),

('NO_VALIDATE', 'ACTIVE', 'CUSTOM', 'CONTINUE'),
('NO_VALIDATE', 'ASSIGNED', 'CUSTOM', 'CONTINUE'),
('NO_VALIDATE', 'CREATED', 'CUSTOM', 'CONTINUE'),
('NO_VALIDATE', 'INVENTORIED', 'CUSTOM', 'CONTINUE'),
('NO_VALIDATE', 'PENDING', 'CUSTOM', 'CONTINUE'),
('NO_VALIDATE', 'PENDING_ACTIVATION', 'CUSTOM', 'CONTINUE'),
('NO_VALIDATE', 'PENDING_CREATE', 'CUSTOM', 'CONTINUE'),
('NO_VALIDATE', 'PENDING_DELETE', 'CUSTOM', 'CONTINUE'),
('NO_VALIDATE', 'PRECREATED', 'CUSTOM', 'CONTINUE'),

('NETWORK','PRECREATED','UPDATE','FAIL'),
('NETWORK','INVENTORIED','UPDATE','FAIL'),
('NETWORK','ASSIGNED','UPDATE','FAIL'),
('NETWORK','CREATED','UPDATE','FAIL'),
('NETWORK','PENDING_CREATE','UPDATE','FAIL'),
('NETWORK','PENDING_DELETE','UPDATE','FAIL'),
('NETWORK','PENDING_ACTIVATION','UPDATE','FAIL'),
('NETWORK','ACTIVE','UPDATE','CONTINUE'),

('NETWORK_COLLECTION', 'PRECREATED', 'CREATE', 'CONTINUE'),
('NETWORK_COLLECTION', 'ASSIGNED', 'CREATE', 'FAIL'),
('NETWORK_COLLECTION', 'CREATED', 'CREATE', 'FAIL'),
('NETWORK_COLLECTION', 'ACTIVE', 'CREATE', 'FAIL'),
('NETWORK_COLLECTION', 'PENDING_CREATE', 'CREATE', 'FAIL'),
('NETWORK_COLLECTION', 'PENDING_DELETE', 'CREATE', 'FAIL'),
('NETWORK_COLLECTION', 'PENDING_ACTIVATION', 'CREATE', 'FAIL'),
('NETWORK_COLLECTION', 'PENDING', 'CREATE', 'FAIL'),
('NETWORK_COLLECTION', 'INVENTORIED', 'CREATE', 'SILENT_SUCCESS'),

('NETWORK_COLLECTION', 'PRECREATED', 'DELETE', 'FAIL'),
('NETWORK_COLLECTION', 'ASSIGNED', 'DELETE', 'FAIL'),
('NETWORK_COLLECTION', 'CREATED', 'DELETE', 'FAIL'),
('NETWORK_COLLECTION', 'ACTIVE', 'DELETE', 'CONTINUE'),
('NETWORK_COLLECTION', 'PENDING_CREATE', 'DELETE', 'FAIL'),
('NETWORK_COLLECTION', 'PENDING_DELETE', 'DELETE', 'FAIL'),
('NETWORK_COLLECTION', 'PENDING_ACTIVATION', 'DELETE', 'FAIL'),
('NETWORK_COLLECTION', 'PENDING', 'DELETE', 'FAIL'),
('NETWORK_COLLECTION', 'INVENTORIED', 'DELETE', 'CONTINUE'),

('NETWORK_COLLECTION', 'PRECREATED', 'ACTIVATE', 'FAIL'),
('NETWORK_COLLECTION', 'ASSIGNED', 'ACTIVATE', 'FAIL'),
('NETWORK_COLLECTION', 'CREATED', 'ACTIVATE', 'FAIL'),
('NETWORK_COLLECTION', 'ACTIVE', 'ACTIVATE', 'SILENT_SUCCESS'),
('NETWORK_COLLECTION', 'PENDING_CREATE', 'ACTIVATE', 'FAIL'),
('NETWORK_COLLECTION', 'PENDING_DELETE', 'ACTIVATE', 'FAIL'),
('NETWORK_COLLECTION', 'PENDING_ACTIVATION', 'ACTIVATE', 'FAIL'),
('NETWORK_COLLECTION', 'PENDING', 'ACTIVATE', 'FAIL'),
('NETWORK_COLLECTION', 'INVENTORIED', 'ACTIVATE', 'CONTINUE'),

('CONFIGURATION', 'PRECREATED', 'UNASSIGN', 'SILENT SUCCESS'),
('CONFIGURATION', 'INVENTORIED', 'UNASSIGN', 'CONTINUE'),
('CONFIGURATION', 'ASSIGNED', 'UNASSIGN', 'CONTINUE'),
('CONFIGURATION', 'CREATED', 'UNASSIGN', 'FAIL'),
('CONFIGURATION', 'ACTIVE', 'UNASSIGN', 'FAIL'),
('CONFIGURATION', 'PENDING CREATE', 'UNASSIGN', 'FAIL'),
('CONFIGURATION', 'PENDING DELETE', 'UNASSIGN', 'FAIL'),
('CONFIGURATION', 'PENDING ACTIVATION', 'UNASSIGN', 'FAIL'),
('CONFIGURATION', 'PENDING', 'UNASSIGN', 'FAIL'),

('CONFIGURATION', 'PRECREATED', 'ASSIGN', 'CONTINUE'),
('CONFIGURATION', 'INVENTORIED', 'ASSIGN', 'CONTINUE'),
('CONFIGURATION', 'ASSIGNED', 'ASSIGN', 'SILENT SUCCESS'),
('CONFIGURATION', 'CREATED', 'ASSIGN', 'SILENT SUCCESS'),
('CONFIGURATION', 'ACTIVE', 'ASSIGN', 'SILENT SUCCESS'),
('CONFIGURATION', 'PENDING CREATE', 'ASSIGN', 'FAIL'),
('CONFIGURATION', 'PENDING DELETE', 'ASSIGN', 'FAIL'),
('CONFIGURATION', 'PENDING ACTIVATION', 'ASSIGN', 'FAIL'),
('CONFIGURATION', 'PENDING', 'ASSIGN', 'FAIL'),

('CONFIGURATION', 'PRECREATED', 'ACTIVATE', 'FAIL'),
('CONFIGURATION', 'INVENTORIED', 'ACTIVATE', 'FAIL'),
('CONFIGURATION', 'ASSIGNED', 'ACTIVATE', 'CONTINUE'),
('CONFIGURATION', 'CREATED', 'ACTIVATE', 'CONTINUE'),
('CONFIGURATION', 'ACTIVE', 'ACTIVATE', 'SILENT SUCCESS'),
('CONFIGURATION', 'PENDING CREATE', 'ACTIVATE', 'FAIL'),
('CONFIGURATION', 'PENDING DELETE', 'ACTIVATE', 'FAIL'),
('CONFIGURATION', 'PENDING ACTIVATION', 'ACTIVATE', 'FAIL'),
('CONFIGURATION', 'PENDING', 'ACTIVATE', 'FAIL'),

('CONFIGURATION', 'PRECREATED', 'DEACTIVATE', 'FAIL'),
('CONFIGURATION', 'INVENTORIED', 'DEACTIVATE', 'SILENT SUCCESS'),
('CONFIGURATION', 'ASSIGNED', 'DEACTIVATE', 'SILENT SUCCESS'),
('CONFIGURATION', 'CREATED', 'DEACTIVATE', 'SILENT SUCCESS'),
('CONFIGURATION', 'ACTIVE', 'DEACTIVATE', 'CONTINUE'),
('CONFIGURATION', 'PENDING CREATE', 'DEACTIVATE', 'FAIL'),
('CONFIGURATION', 'PENDING DELETE', 'DEACTIVATE', 'FAIL'),
('CONFIGURATION', 'PENDING ACTIVATION', 'DEACTIVATE', 'FAIL'),
('CONFIGURATION', 'PENDING', 'DEACTIVATE', 'FAIL'),
('VNF','CONFIGDEPLOYED','ACTIVATE','CONTINUE'),
('CNF','PRECREATED','ACTIVATE','CONTINUE'),
('CNF','PRECREATED','DEACTIVATE','CONTINUE'),
('CNF','CREATED','DEACTIVATE','CONTINUE');



INSERT INTO vnf_components_recipe (VNF_TYPE, VNF_COMPONENT_TYPE, ACTION, VERSION, ORCHESTRATION_URI, RECIPE_TIMEOUT)
VALUES
(NULL, 'vfModule', 'replaceInstanceRetainAssignments', '1', '/mso/async/services/WorkflowActionBB', 180);

UPDATE vnf_recipe
SET ORCHESTRATION_URI = '/mso/async/services/WorkflowActionBB'
WHERE NF_ROLE = 'GR-API-DEFAULT' AND ACTION = 'inPlaceSoftwareUpdate';

UPDATE vnf_recipe
SET ORCHESTRATION_URI = '/mso/async/services/WorkflowActionBB'
WHERE NF_ROLE = 'GR-API-DEFAULT' AND ACTION = 'applyUpdatedConfig';

DELETE FROM service_recipe where ACTION = 'upgradeInstance';
INSERT INTO service_recipe (ACTION, VERSION_STR, DESCRIPTION, ORCHESTRATION_URI, RECIPE_TIMEOUT, SERVICE_MODEL_UUID)
VALUES
('upgradeInstance', '1.0', 'Gr api recipe to upgrade service-instance', '/mso/async/services/WorkflowActionBB', 180, 'd88da85c-d9e8-4f73-b837-3a72a431622b');

INSERT INTO building_block_rollback(BUILDING_BLOCK_NAME,ACTION,ROLLBACK_BUILDING_BLOCK_NAME,ROLLBACK_ACTION)
VALUES
('ActivateNetworkBB',NULL,'DeactivateNetworkBB',NULL),
('ActivatePnfBB',NULL,'DeactivatePnfBB',NULL),
('ActivateServiceInstanceBB',NULL,'DeactivateServiceInstanceBB',NULL),
('ActivateVfModuleBB',NULL,'DeactivateVfModuleBB',NULL),
('ActivateVnfBB',NULL,'DeactivateVnfBB',NULL),
('ActivateVolumeGroupBB',NULL,'DeactivateVolumeGroupBB',NULL),
('AssignNetworkBB',NULL,'UnassignNetworkBB',NULL),
('AssignServiceInstanceBB',NULL,'UnassignServiceInstanceBB',NULL),
('AssignVfModuleBB',NULL,'UnassignVfModuleBB',NULL),
('AssignVnfBB',NULL,'UnassignVnfBB',NULL),
('AssignVolumeGroupBB',NULL,'UnassignVolumeGroupBB',NULL),
('CreateNetworkBB',NULL,'DeleteNetworkBB',NULL),
('CreateNetworkCollectionBB',NULL,'DeleteNetworkCollectionBB',NULL),
('CreateVfModuleBB',NULL,'DeleteVfModuleBB',NULL),
('CreateVolumeGroupBB',NULL,'DeleteVolumeGroupBB',NULL),
('VNFSetInMaintFlagActivity',NULL,'VNFUnsetInMaintFlagActivity',NULL),
('VNFSetClosedLoopDisabledFlagActivity',NULL,'VNFUnsetClosedLoopDisabledFlagActivity',NULL),
('VNFLockActivity',NULL,'VNFUnlockActivity',NULL),
('VNFStopActivity',NULL,'VNFStartActivity',NULL),
('VNFQuiesceTrafficActivity',NULL,'VNFResumeTrafficActivity',NULL),
('EtsiVnfInstantiateBB',NULL,'EtsiVnfDeleteBB',NULL),
('AddFabricConfigurationBB',NULL,'DeleteFabricConfigurationBB',NULL),
('CreateChildServiceBB',NULL,'DeleteChildServiceBB',NULL);

-- Recipe for ManagedObject3GPP
DELETE FROM service_recipe where ACTION = 'createRanSlice';
INSERT INTO `service_recipe` (`id`, `ACTION`, `VERSION_STR`, `DESCRIPTION`, `ORCHESTRATION_URI`, `SERVICE_PARAM_XSD`, `RECIPE_TIMEOUT`, `SERVICE_TIMEOUT_INTERIM`, `CREATION_TIMESTAMP`, `SERVICE_MODEL_UUID`) VALUES (547,'createRanSlice','1','Gr api recipe for RAN slicing','/mso/async/services/WorkflowActionBB',NULL,180,NULL,'2023-01-17 18:40:03','3d30a774-e149-11ea-87d0-0242ac130003');

DELETE FROM service_recipe where ACTION = 'modifyRanSlice';
INSERT INTO `service_recipe` (`id`, `ACTION`, `VERSION_STR`, `DESCRIPTION`, `ORCHESTRATION_URI`, `SERVICE_PARAM_XSD`, `RECIPE_TIMEOUT`, `SERVICE_TIMEOUT_INTERIM`, `CREATION_TIMESTAMP`, `SERVICE_MODEL_UUID`) VALUES (550,'modifyRanSlice','1','Gr api recipe for RAN slicing','/mso/async/services/WorkflowActionBB',NULL,180,NULL,'2023-01-17 18:40:03','3d30a774-e149-11ea-87d0-0242ac130003');

DELETE FROM service_recipe where ACTION = 'deleteRanSlice';
INSERT INTO `service_recipe` (`id`, `ACTION`, `VERSION_STR`, `DESCRIPTION`, `ORCHESTRATION_URI`, `SERVICE_PARAM_XSD`, `RECIPE_TIMEOUT`, `SERVICE_TIMEOUT_INTERIM`, `CREATION_TIMESTAMP`, `SERVICE_MODEL_UUID`) VALUES (553,'deleteRanSlice','1','Gr api recipe for RAN slicing','/mso/async/services/WorkflowActionBB',NULL,180,NULL,'2023-01-17 18:40:03','3d30a774-e149-11ea-87d0-0242ac130003');